#pragma once
#include <stddef.h>
#include <stdint.h>

static const uint8_t kMeshVS_DXIL[7732] = {
    0x44, 0x58, 0x42, 0x43, 0xa2, 0x1f, 0xf2, 0x92, 0xc5, 0x88, 0x29, 0xcc,
    0x17, 0x99, 0x1a, 0x46, 0x55, 0x26, 0xba, 0x6a, 0x01, 0x00, 0x00, 0x00,
    0x34, 0x1e, 0x00, 0x00, 0x07, 0x00, 0x00, 0x00, 0x3c, 0x00, 0x00, 0x00,
    0x4c, 0x00, 0x00, 0x00, 0xe8, 0x00, 0x00, 0x00, 0xd4, 0x01, 0x00, 0x00,
    0x88, 0x03, 0x00, 0x00, 0x08, 0x0d, 0x00, 0x00, 0x24, 0x0d, 0x00, 0x00,
    0x53, 0x46, 0x49, 0x30, 0x08, 0x00, 0x00, 0x00, 0x00, 0x00, 0x00, 0x00,
    0x00, 0x00, 0x00, 0x00, 0x49, 0x53, 0x47, 0x31, 0x94, 0x00, 0x00, 0x00,
    0x04, 0x00, 0x00, 0x00, 0x08, 0x00, 0x00, 0x00, 0x00, 0x00, 0x00, 0x00,
    0x88, 0x00, 0x00, 0x00, 0x00, 0x00, 0x00, 0x00, 0x00, 0x00, 0x00, 0x00,
    0x03, 0x00, 0x00, 0x00, 0x00, 0x00, 0x00, 0x00, 0x07, 0x07, 0x00, 0x00,
    0x00, 0x00, 0x00, 0x00, 0x00, 0x00, 0x00, 0x00, 0x88, 0x00, 0x00, 0x00,
    0x01, 0x00, 0x00, 0x00, 0x00, 0x00, 0x00, 0x00, 0x03, 0x00, 0x00, 0x00,
    0x01, 0x00, 0x00, 0x00, 0x07, 0x07, 0x00, 0x00, 0x00, 0x00, 0x00, 0x00,
    0x00, 0x00, 0x00, 0x00, 0x88, 0x00, 0x00, 0x00, 0x02, 0x00, 0x00, 0x00,
    0x00, 0x00, 0x00, 0x00, 0x03, 0x00, 0x00, 0x00, 0x02, 0x00, 0x00, 0x00,
    0x0f, 0x0f, 0x00, 0x00, 0x00, 0x00, 0x00, 0x00, 0x00, 0x00, 0x00, 0x00,
    0x88, 0x00, 0x00, 0x00, 0x03, 0x00, 0x00, 0x00, 0x00, 0x00, 0x00, 0x00,
    0x03, 0x00, 0x00, 0x00, 0x03, 0x00, 0x00, 0x00, 0x03, 0x03, 0x00, 0x00,
    0x00, 0x00, 0x00, 0x00, 0x54, 0x45, 0x58, 0x43, 0x4f, 0x4f, 0x52, 0x44,
    0x00, 0x00, 0x00, 0x00, 0x4f, 0x53, 0x47, 0x31, 0xe4, 0x00, 0x00, 0x00,
    0x06, 0x00, 0x00, 0x00, 0x08, 0x00, 0x00, 0x00, 0x00, 0x00, 0x00, 0x00,
    0xc8, 0x00, 0x00, 0x00, 0x00, 0x00, 0x00, 0x00, 0x01, 0x00, 0x00, 0x00,
    0x03, 0x00, 0x00, 0x00, 0x00, 0x00, 0x00, 0x00, 0x0f, 0x00, 0x00, 0x00,
    0x00, 0x00, 0x00, 0x00, 0x00, 0x00, 0x00, 0x00, 0xd4, 0x00, 0x00, 0x00,
    0x00, 0x00, 0x00, 0x00, 0x00, 0x00, 0x00, 0x00, 0x03, 0x00, 0x00, 0x00,
    0x01, 0x00, 0x00, 0x00, 0x0f, 0x00, 0x00, 0x00, 0x00, 0x00, 0x00, 0x00,
    0x00, 0x00, 0x00, 0x00, 0xda, 0x00, 0x00, 0x00, 0x00, 0x00, 0x00, 0x00,
    0x00, 0x00, 0x00, 0x00, 0x03, 0x00, 0x00, 0x00, 0x02, 0x00, 0x00, 0x00,
    0x03, 0x0c, 0x00, 0x00, 0x00, 0x00, 0x00, 0x00, 0x00, 0x00, 0x00, 0x00,
    0xda, 0x00, 0x00, 0x00, 0x01, 0x00, 0x00, 0x00, 0x00, 0x00, 0x00, 0x00,
    0x03, 0x00, 0x00, 0x00, 0x02, 0x00, 0x00, 0x00, 0x04, 0x0b, 0x00, 0x00,
    0x00, 0x00, 0x00, 0x00, 0x00, 0x00, 0x00, 0x00, 0xda, 0x00, 0x00, 0x00,
    0x02, 0x00, 0x00, 0x00, 0x00, 0x00, 0x00, 0x00, 0x03, 0x00, 0x00, 0x00,
    0x03, 0x00, 0x00, 0x00, 0x0f, 0x00, 0x00, 0x00, 0x00, 0x00, 0x00, 0x00,
    0x00, 0x00, 0x00, 0x00, 0xda, 0x00, 0x00, 0x00, 0x03, 0x00, 0x00, 0x00,
    0x00, 0x00, 0x00, 0x00, 0x03, 0x00, 0x00, 0x00, 0x04, 0x00, 0x00, 0x00,
    0x03, 0x0c, 0x00, 0x00, 0x00, 0x00, 0x00, 0x00, 0x53, 0x56, 0x5f, 0x50,
    0x6f, 0x73, 0x69, 0x74, 0x69, 0x6f, 0x6e, 0x00, 0x43, 0x4f, 0x4c, 0x4f,
    0x52, 0x00, 0x54, 0x45, 0x58, 0x43, 0x4f, 0x4f, 0x52, 0x44, 0x00, 0x00,
    0x50, 0x53, 0x56, 0x30, 0xac, 0x01, 0x00, 0x00, 0x34, 0x00, 0x00, 0x00,
    0x01, 0x00, 0x00, 0x00, 0x00, 0x00, 0x00, 0x00, 0x00, 0x00, 0x00, 0x00,
    0x00, 0x00, 0x00, 0x00, 0x00, 0x00, 0x00, 0x00, 0xff, 0xff, 0xff, 0xff,
    0x01, 0x00, 0x00, 0x00, 0x04, 0x06, 0x00, 0x04, 0x05, 0x00, 0x00, 0x00,
    0x00, 0x00, 0x00, 0x00, 0x00, 0x00, 0x00, 0x00, 0x00, 0x00, 0x00, 0x00,
    0x4f, 0x00, 0x00, 0x00, 0x01, 0x00, 0x00, 0x00, 0x18, 0x00, 0x00, 0x00,
    0x02, 0x00, 0x00, 0x00, 0x01, 0x00, 0x00, 0x00, 0x00, 0x00, 0x00, 0x00,
    0x00, 0x00, 0x00, 0x00, 0x0d, 0x00, 0x00, 0x00, 0x00, 0x00, 0x00, 0x00,
    0x58, 0x00, 0x00, 0x00, 0x00, 0x54, 0x45, 0x58, 0x43, 0x4f, 0x4f, 0x52,
    0x44, 0x00, 0x54, 0x45, 0x58, 0x43, 0x4f, 0x4f, 0x52, 0x44, 0x00, 0x54,
    0x45, 0x58, 0x43, 0x4f, 0x4f, 0x52, 0x44, 0x00, 0x54, 0x45, 0x58, 0x43,
    0x4f, 0x4f, 0x52, 0x44, 0x00, 0x43, 0x4f, 0x4c, 0x4f, 0x52, 0x00, 0x54,
    0x45, 0x58, 0x43, 0x4f, 0x4f, 0x52, 0x44, 0x00, 0x54, 0x45, 0x58, 0x43,
    0x4f, 0x4f, 0x52, 0x44, 0x00, 0x54, 0x45, 0x58, 0x43, 0x4f, 0x4f, 0x52,
    0x44, 0x00, 0x54, 0x45, 0x58, 0x43, 0x4f, 0x4f, 0x52, 0x44, 0x00, 0x56,
    0x53, 0x4d, 0x61, 0x69, 0x6e, 0x00, 0x00, 0x00, 0x04, 0x00, 0x00, 0x00,
    0x00, 0x00, 0x00, 0x00, 0x01, 0x00, 0x00, 0x00, 0x02, 0x00, 0x00, 0x00,
    0x03, 0x00, 0x00, 0x00, 0x10, 0x00, 0x00, 0x00, 0x01, 0x00, 0x00, 0x00,
    0x00, 0x00, 0x00, 0x00, 0x01, 0x00, 0x43, 0x00, 0x03, 0x00, 0x00, 0x00,
    0x0a, 0x00, 0x00, 0x00, 0x01, 0x00, 0x00, 0x00, 0x01, 0x01, 0x43, 0x00,
    0x03, 0x00, 0x00, 0x00, 0x13, 0x00, 0x00, 0x00, 0x02, 0x00, 0x00, 0x00,
    0x01, 0x02, 0x44, 0x00, 0x03, 0x00, 0x00, 0x00, 0x1c, 0x00, 0x00, 0x00,
    0x03, 0x00, 0x00, 0x00, 0x01, 0x03, 0x42, 0x00, 0x03, 0x00, 0x00, 0x00,
    0x00, 0x00, 0x00, 0x00, 0x00, 0x00, 0x00, 0x00, 0x01, 0x00, 0x44, 0x03,
    0x03, 0x04, 0x00, 0x00, 0x25, 0x00, 0x00, 0x00, 0x00, 0x00, 0x00, 0x00,
    0x01, 0x01, 0x44, 0x00, 0x03, 0x02, 0x00, 0x00, 0x2b, 0x00, 0x00, 0x00,
    0x00, 0x00, 0x00, 0x00, 0x01, 0x02, 0x42, 0x00, 0x03, 0x02, 0x00, 0x00,
    0x34, 0x00, 0x00, 0x00, 0x01, 0x00, 0x00, 0x00, 0x01, 0x02, 0x61, 0x00,
    0x03, 0x02, 0x00, 0x00, 0x3d, 0x00, 0x00, 0x00, 0x02, 0x00, 0x00, 0x00,
    0x01, 0x03, 0x44, 0x00, 0x03, 0x02, 0x00, 0x00, 0x46, 0x00, 0x00, 0x00,
    0x03, 0x00, 0x00, 0x00, 0x01, 0x04, 0x42, 0x00, 0x03, 0x02, 0x00, 0x00,
    0x7f, 0x04, 0x00, 0x00, 0x7f, 0x04, 0x00, 0x00, 0x7f, 0x04, 0x00, 0x00,
    0x00, 0x00, 0x00, 0x00, 0x70, 0x00, 0x00, 0x00, 0x70, 0x00, 0x00, 0x00,
    0x70, 0x00, 0x00, 0x00, 0x00, 0x00, 0x00, 0x00, 0x40, 0x00, 0x00, 0x00,
    0x20, 0x00, 0x00, 0x00, 0x10, 0x00, 0x00, 0x00, 0x80, 0x00, 0x00, 0x00,
    0x00, 0x01, 0x00, 0x00, 0x00, 0x02, 0x00, 0x00, 0x00, 0x00, 0x00, 0x00,
    0x00, 0x00, 0x00, 0x00, 0x53, 0x54, 0x41, 0x54, 0x78, 0x09, 0x00, 0x00,
    0x60, 0x00, 0x01, 0x00, 0x5e, 0x02, 0x00, 0x00, 0x44, 0x58, 0x49, 0x4c,
    0x00, 0x01, 0x00, 0x00, 0x10, 0x00, 0x00, 0x00, 0x60, 0x09, 0x00, 0x00,
    0x42, 0x43, 0xc0, 0xde, 0x21, 0x0c, 0x00, 0x00, 0x55, 0x02, 0x00, 0x00,
    0x0b, 0x82, 0x20, 0x00, 0x02, 0x00, 0x00, 0x00, 0x13, 0x00, 0x00, 0x00,
    0x07, 0x81, 0x23, 0x91, 0x41, 0xc8, 0x04, 0x49, 0x06, 0x10, 0x32, 0x39,
    0x92, 0x01, 0x84, 0x0c, 0x25, 0x05, 0x08, 0x19, 0x1e, 0x04, 0x8b, 0x62,
    0x80, 0x18, 0x45, 0x02, 0x42, 0x92, 0x0b, 0x42, 0xc4, 0x10, 0x32, 0x14,
    0x38, 0x08, 0x18, 0x4b, 0x0a, 0x32, 0x62, 0x88, 0x48, 0x90, 0x14, 0x20,
    0x43, 0x46, 0x88, 0xa5, 0x00, 0x19, 0x32, 0x42, 0xe4, 0x48, 0x0e, 0x90,
    0x11, 0x23, 0xc4, 0x50, 0x41, 0x51, 0x81, 0x8c, 0xe1, 0x83, 0xe5, 0x8a,
    0x04, 0x31, 0x46, 0x06, 0x51, 0x18, 0x00, 0x00, 0x08, 0x00, 0x00, 0x00,
    0x1b, 0x8c, 0xe0, 0xff, 0xff, 0xff, 0xff, 0x07, 0x40, 0x02, 0xa8, 0x0d,
    0x84, 0xf0, 0xff, 0xff, 0xff, 0xff, 0x03, 0x20, 0x6d, 0x30, 0x86, 0xff,
    0xff, 0xff, 0xff, 0x1f, 0x00, 0x09, 0xa8, 0x00, 0x49, 0x18, 0x00, 0x00,
    0x03, 0x00, 0x00, 0x00, 0x13, 0x82, 0x60, 0x42, 0x20, 0x4c, 0x08, 0x06,
    0x00, 0x00, 0x00, 0x00, 0x89, 0x20, 0x00, 0x00, 0x35, 0x00, 0x00, 0x00,
    0x32, 0x22, 0x88, 0x09, 0x20, 0x64, 0x85, 0x04, 0x13, 0x23, 0xa4, 0x84,
    0x04, 0x13, 0x23, 0xe3, 0x84, 0xa1, 0x90, 0x14, 0x12, 0x4c, 0x8c, 0x8c,
    0x0b, 0x84, 0xc4, 0x4c, 0x10, 0x94, 0xc1, 0x08, 0x40, 0x09, 0x00, 0x0a,
    0x66, 0x00, 0xe6, 0x08, 0xc0, 0x60, 0x8e, 0x00, 0x29, 0xc6, 0x40, 0x10,
    0x44, 0x41, 0x90, 0x51, 0x0c, 0x80, 0x20, 0x88, 0x62, 0x20, 0xa4, 0x20,
    0x03, 0x31, 0x0c, 0xc3, 0x30, 0x0c, 0xa4, 0x94, 0x61, 0x20, 0x06, 0x62,
    0x0a, 0x31, 0x10, 0xc3, 0x40, 0xce, 0x51, 0xc3, 0xe5, 0x4f, 0xd8, 0x43,
    0x48, 0x3e, 0xb7, 0x51, 0xc5, 0x4a, 0x4c, 0x7e, 0x71, 0xdb, 0x88, 0x18,
    0x86, 0x61, 0xa0, 0xe2, 0x9e, 0xe1, 0xf2, 0x27, 0xec, 0x21, 0x24, 0x3f,
    0x04, 0x9a, 0x61, 0x21, 0x50, 0x10, 0x15, 0x02, 0x22, 0x24, 0x82, 0xa6,
    0xa3, 0x86, 0xcb, 0x9f, 0xb0, 0x87, 0x90, 0x7c, 0x6e, 0xa3, 0x8a, 0x95,
    0x98, 0x7c, 0xe4, 0xb6, 0x11, 0x41, 0x10, 0x04, 0x51, 0x88, 0x8a, 0x90,
    0x08, 0xb2, 0x4a, 0x31, 0x10, 0xc3, 0x30, 0x10, 0x36, 0x47, 0x10, 0x14,
    0x43, 0x22, 0x0a, 0x82, 0xd0, 0x68, 0x1b, 0x08, 0x18, 0x46, 0x20, 0x86,
    0x24, 0xf0, 0x86, 0x11, 0x86, 0x21, 0x11, 0xbc, 0x9b, 0x0e, 0x47, 0x9a,
    0x16, 0x00, 0x73, 0xa8, 0xc9, 0x7f, 0xd9, 0x14, 0x88, 0x00, 0x46, 0x42,
    0xd0, 0xf7, 0x79, 0x9e, 0xe7, 0x79, 0x9e, 0x47, 0x80, 0x61, 0x18, 0x86,
    0x21, 0x89, 0x09, 0x41, 0x00, 0x00, 0x00, 0x00, 0x13, 0x14, 0x72, 0xc0,
    0x87, 0x74, 0x60, 0x87, 0x36, 0x68, 0x87, 0x79, 0x68, 0x03, 0x72, 0xc0,
    0x87, 0x0d, 0xaf, 0x50, 0x0e, 0x6d, 0xd0, 0x0e, 0x7a, 0x50, 0x0e, 0x6d,
    0x00, 0x0f, 0x7a, 0x30, 0x07, 0x72, 0xa0, 0x07, 0x73, 0x20, 0x07, 0x6d,
    0x90, 0x0e, 0x71, 0xa0, 0x07, 0x73, 0x20, 0x07, 0x6d, 0x90, 0x0e, 0x78,
    0xa0, 0x07, 0x73, 0x20, 0x07, 0x6d, 0x90, 0x0e, 0x71, 0x60, 0x07, 0x7a,
    0x30, 0x07, 0x72, 0xd0, 0x06, 0xe9, 0x30, 0x07, 0x72, 0xa0, 0x07, 0x73,
    0x20, 0x07, 0x6d, 0x90, 0x0e, 0x76, 0x40, 0x07, 0x7a, 0x60, 0x07, 0x74,
    0xd0, 0x06, 0xe6, 0x10, 0x07, 0x76, 0xa0, 0x07, 0x73, 0x20, 0x07, 0x6d,
    0x60, 0x0e, 0x73, 0x20, 0x07, 0x7a, 0x30, 0x07, 0x72, 0xd0, 0x06, 0xe6,
    0x60, 0x07, 0x74, 0xa0, 0x07, 0x76, 0x40, 0x07, 0x6d, 0xe0, 0x0e, 0x78,
    0xa0, 0x07, 0x71, 0x60, 0x07, 0x7a, 0x30, 0x07, 0x72, 0xa0, 0x07, 0x76,
    0x40, 0x07, 0x43, 0x9e, 0x00, 0x08, 0x00, 0x00, 0x00, 0x00, 0x00, 0x00,
    0x00, 0x00, 0x00, 0x86, 0x3c, 0x06, 0x10, 0x00, 0x01, 0x00, 0x00, 0x00,
    0x00, 0x00, 0x00, 0x00, 0x0c, 0x79, 0x10, 0x20, 0x00, 0x04, 0x00, 0x00,
    0x00, 0x00, 0x00, 0x00, 0x00, 0x18, 0xf2, 0x28, 0x40, 0x00, 0x04, 0x00,
    0x00, 0x00, 0x00, 0x00, 0x00, 0x00, 0x30, 0xe4, 0x61, 0x80, 0x00, 0x08,
    0x00, 0x00, 0x00, 0x00, 0x00, 0x00, 0x00, 0x60, 0xc8, 0xe3, 0x00, 0x01,
    0x10, 0x00, 0x00, 0x00, 0x00, 0x00, 0x00, 0x00, 0xc0, 0x90, 0x67, 0x02,
    0x02, 0x60, 0x00, 0x00, 0x00, 0x00, 0x00, 0x00, 0x00, 0x80, 0x21, 0x8f,
    0x05, 0x04, 0xc0, 0x00, 0x00, 0x00, 0x00, 0x00, 0x00, 0x00, 0x00, 0x43,
    0x1e, 0x0c, 0x08, 0x80, 0x00, 0x00, 0x00, 0x00, 0x00, 0x00, 0x00, 0x00,
    0x86, 0x3c, 0x1b, 0x10, 0x00, 0x03, 0x00, 0x00, 0x00, 0x00, 0x00, 0x00,
    0x00, 0x64, 0x81, 0x00, 0x21, 0x00, 0x00, 0x00, 0x32, 0x1e, 0x98, 0x18,
    0x19, 0x11, 0x4c, 0x90, 0x8c, 0x09, 0x26, 0x47, 0xc6, 0x04, 0x43, 0x22,
    0x4a, 0x60, 0x04, 0xa0, 0x18, 0x0a, 0xd0, 0xa1, 0x08, 0x0a, 0xa1, 0x0c,
    0xca, 0xa1, 0x24, 0x0a, 0x30, 0xa0, 0x00, 0x05, 0x4a, 0xa3, 0x40, 0x05,
    0x0a, 0x58, 0xa0, 0xc0, 0x05, 0x0a, 0x70, 0xa0, 0x40, 0x07, 0x0a, 0x78,
    0xa0, 0xc0, 0x07, 0x0a, 0x7d, 0xa0, 0x00, 0x09, 0x0a, 0xd0, 0xa0, 0x00,
    0x11, 0x0a, 0x50, 0xa1, 0x00, 0x19, 0xca, 0xa3, 0x14, 0x0a, 0xa3, 0x68,
    0x05, 0x0a, 0xbb, 0xa0, 0x20, 0x4a, 0x84, 0x8a, 0x92, 0x18, 0x01, 0x28,
    0x83, 0x42, 0x28, 0x82, 0x12, 0x20, 0xad, 0x06, 0x48, 0x9c, 0x01, 0xa0,
    0x71, 0x06, 0x80, 0xc8, 0xb1, 0x20, 0x47, 0xfa, 0xc7, 0xe0, 0x1f, 0x83,
    0x7f, 0x0c, 0x00, 0x78, 0x80, 0x07, 0x78, 0x00, 0x40, 0x01, 0x0c, 0x20,
    0x90, 0x00, 0x11, 0x10, 0x02, 0x00, 0x00, 0x00, 0x79, 0x18, 0x00, 0x00,
    0x13, 0x01, 0x00, 0x00, 0x1a, 0x03, 0x4c, 0x90, 0x46, 0x02, 0x13, 0xc4,
    0x34, 0x20, 0xc3, 0x1b, 0x43, 0x81, 0x93, 0x4b, 0xb3, 0x0b, 0xa3, 0x2b,
    0x4b, 0x01, 0x89, 0x71, 0xc9, 0x71, 0x81, 0x71, 0xa9, 0xa1, 0x81, 0x91,
    0x01, 0x41, 0x81, 0x21, 0x9b, 0x29, 0x2b, 0xb3, 0x11, 0xab, 0xa9, 0x69,
    0x21, 0x4b, 0x93, 0xa3, 0xcb, 0x4b, 0xd9, 0x10, 0x04, 0x13, 0x04, 0x42,
    0x99, 0x20, 0x10, 0xcb, 0x06, 0x61, 0x20, 0x36, 0x08, 0x04, 0x41, 0xc1,
    0x6e, 0x6e, 0x82, 0x40, 0x30, 0x1b, 0x86, 0x03, 0x21, 0x26, 0x08, 0x63,
    0x20, 0x07, 0x44, 0xac, 0xa6, 0xa0, 0xc2, 0xe4, 0xc2, 0xda, 0xe6, 0x26,
    0x08, 0x44, 0xb3, 0x01, 0x21, 0x94, 0x65, 0x20, 0x06, 0x06, 0xd8, 0x10,
    0x34, 0x1b, 0x08, 0x00, 0x70, 0x80, 0x09, 0x82, 0x18, 0xc4, 0x01, 0x87,
    0x36, 0x3b, 0xb8, 0x09, 0x02, 0xe1, 0x4c, 0x10, 0x88, 0x67, 0xc3, 0x30,
    0x4d, 0xd2, 0x04, 0x81, 0x80, 0x26, 0x08, 0x44, 0x34, 0x41, 0x20, 0xa4,
    0x09, 0x82, 0x06, 0x07, 0x1b, 0x14, 0x24, 0x92, 0xa8, 0x8a, 0xb0, 0xae,
    0x0b, 0x63, 0x71, 0xf7, 0x26, 0xc7, 0x46, 0x36, 0x41, 0x20, 0xa6, 0x0d,
    0x0a, 0xa2, 0x49, 0x54, 0xb5, 0x59, 0xd7, 0x85, 0xf1, 0x08, 0x6b, 0x13,
    0x4b, 0x2b, 0x73, 0xa3, 0x9b, 0x20, 0x10, 0xd4, 0x04, 0x81, 0xa8, 0x36,
    0x28, 0x48, 0x57, 0x79, 0xd6, 0x75, 0x61, 0xdf, 0x44, 0xa5, 0x2d, 0x8c,
    0x8e, 0x28, 0xcd, 0xcc, 0xac, 0x6e, 0xae, 0x6c, 0x82, 0x40, 0x58, 0x1b,
    0x14, 0x24, 0x0c, 0x2a, 0x31, 0xb0, 0xae, 0x0b, 0xfb, 0x26, 0x1e, 0x6d,
    0x61, 0x74, 0x53, 0x70, 0x65, 0x63, 0x13, 0x04, 0xe2, 0xda, 0xa0, 0x20,
    0x64, 0x50, 0x95, 0x81, 0x75, 0x5d, 0xd8, 0x37, 0x11, 0x31, 0x7b, 0x3b,
    0x1b, 0x7a, 0x63, 0x7b, 0x93, 0x9b, 0x20, 0x10, 0xd8, 0x06, 0x05, 0x39,
    0x83, 0x0a, 0x0d, 0xac, 0xeb, 0xc2, 0xbe, 0x89, 0x89, 0xd9, 0xdb, 0x19,
    0x54, 0x98, 0x5c, 0x58, 0xdb, 0xdc, 0x04, 0x81, 0xc8, 0x36, 0x28, 0x88,
    0x1a, 0x54, 0x6b, 0x60, 0x5d, 0x17, 0xf6, 0x4d, 0x34, 0xca, 0xf2, 0xca,
    0xa0, 0xde, 0xe6, 0x26, 0x08, 0x84, 0xb6, 0x41, 0x41, 0xda, 0xa0, 0x72,
    0x03, 0xeb, 0xba, 0xb0, 0x6f, 0x62, 0x61, 0xc6, 0x16, 0x76, 0x36, 0x37,
    0x41, 0x20, 0xb6, 0x0d, 0x0a, 0x02, 0x07, 0x55, 0x1c, 0x58, 0xd7, 0x85,
    0x7d, 0x13, 0x15, 0xb6, 0xb4, 0x33, 0x34, 0xba, 0xa1, 0xb7, 0x3a, 0x37,
    0xba, 0x09, 0x02, 0xc1, 0x6d, 0x40, 0x90, 0x39, 0xa8, 0xe8, 0xc0, 0x9a,
    0x2e, 0x8c, 0x08, 0x5b, 0xda, 0x19, 0x1a, 0x1d, 0x54, 0x18, 0xd9, 0x04,
    0x81, 0xe8, 0x36, 0x20, 0x88, 0x1d, 0x54, 0x77, 0x60, 0x5d, 0x5f, 0x45,
    0x84, 0x2d, 0xed, 0x0c, 0x8d, 0x0e, 0xea, 0x6d, 0x6e, 0x82, 0x40, 0x78,
    0x1b, 0x14, 0x24, 0x0f, 0x2a, 0x3d, 0xb0, 0xae, 0x0b, 0xfb, 0x26, 0x2a,
    0x6c, 0x69, 0x67, 0x68, 0x74, 0x43, 0x6f, 0x6c, 0x6f, 0x72, 0x13, 0x04,
    0xe2, 0xdb, 0xa0, 0x20, 0x7c, 0x50, 0xf5, 0x81, 0x75, 0x5d, 0xd8, 0x37,
    0x51, 0x61, 0x4b, 0x3b, 0x43, 0xa3, 0x0b, 0xa2, 0xa3, 0x2b, 0x73, 0x9b,
    0x20, 0x10, 0x60, 0xb0, 0x41, 0x41, 0xfe, 0xa0, 0x02, 0x05, 0xeb, 0xba,
    0xb0, 0x6f, 0x22, 0xc3, 0x96, 0x76, 0x86, 0x46, 0x37, 0x05, 0xf7, 0x46,
    0x47, 0x94, 0x26, 0x37, 0x41, 0x20, 0xc2, 0x60, 0x83, 0x82, 0x88, 0x42,
    0x35, 0x0a, 0xd6, 0x75, 0x61, 0xdf, 0x44, 0x86, 0x2d, 0xed, 0x0c, 0x8d,
    0x6e, 0x0a, 0xee, 0x8d, 0x0e, 0x4a, 0xae, 0x6d, 0x82, 0x40, 0x88, 0xc1,
    0x06, 0x05, 0x29, 0x85, 0xca, 0x14, 0xac, 0xeb, 0xc2, 0xbe, 0x69, 0x43,
    0xc4, 0x64, 0x1c, 0x18, 0x8c, 0x81, 0x19, 0xa4, 0x01, 0x1b, 0xbc, 0x81,
    0x1c, 0xd4, 0x01, 0x1e, 0xec, 0x81, 0x1f, 0x84, 0x02, 0x29, 0x9c, 0xc2,
    0x86, 0x81, 0x80, 0x50, 0x61, 0x82, 0x20, 0x00, 0x1b, 0x80, 0x0d, 0x03,
    0xb1, 0x0a, 0xab, 0xb0, 0x21, 0x60, 0x85, 0x0d, 0xc3, 0xa0, 0x0a, 0xad,
    0x30, 0x41, 0x20, 0x83, 0x39, 0xd8, 0x10, 0xbc, 0x02, 0x0d, 0xab, 0xa9,
    0xa6, 0xb0, 0x34, 0x37, 0x22, 0x54, 0x45, 0x58, 0x43, 0x4f, 0x4f, 0x52,
    0x44, 0x13, 0x84, 0x42, 0x0d, 0x26, 0x08, 0xc5, 0x1a, 0x6c, 0x08, 0x88,
    0x09, 0x42, 0xc1, 0x06, 0x1b, 0x84, 0xca, 0xda, 0xb0, 0x10, 0xb2, 0x30,
    0x0b, 0xb4, 0x50, 0x0b, 0xb4, 0x30, 0xd8, 0x02, 0x41, 0x0b, 0xb7, 0xb0,
    0x21, 0x18, 0x36, 0x2c, 0x83, 0x2c, 0xcc, 0x02, 0x2d, 0xe4, 0x02, 0x2d,
    0x0c, 0xb6, 0x30, 0xd0, 0xc2, 0x2d, 0x6c, 0x08, 0xa4, 0x09, 0x42, 0xd1,
    0x06, 0x13, 0x04, 0x62, 0x0c, 0x36, 0x08, 0x55, 0x2f, 0x6c, 0x58, 0x24,
    0x59, 0x98, 0x05, 0x5a, 0xd8, 0x05, 0x5a, 0x18, 0x78, 0x41, 0xa2, 0x05,
    0x5f, 0xd8, 0x10, 0x54, 0x13, 0x84, 0xc2, 0x0d, 0x36, 0x08, 0x55, 0xb5,
    0x61, 0xa9, 0x64, 0x61, 0x16, 0x68, 0x01, 0x1c, 0x68, 0x61, 0x08, 0x87,
    0x8a, 0x16, 0xc4, 0x61, 0x03, 0x81, 0x0b, 0xba, 0xf0, 0x0b, 0xe3, 0xc0,
    0x65, 0xca, 0xea, 0x0b, 0xea, 0x6d, 0x2e, 0x8d, 0x2e, 0xed, 0xcd, 0x6d,
    0xc3, 0x42, 0x94, 0xc3, 0x2c, 0xd8, 0x42, 0x2d, 0xf0, 0xc2, 0xc0, 0x0b,
    0x04, 0x2d, 0xf8, 0x02, 0x8b, 0xa1, 0x27, 0xa6, 0x27, 0xa9, 0x0d, 0xcb,
    0x70, 0x0e, 0xb3, 0x40, 0x0b, 0xb5, 0x10, 0x0e, 0x03, 0x2f, 0x0c, 0xb4,
    0xe0, 0x0b, 0x1b, 0x16, 0x49, 0x16, 0x66, 0x81, 0x16, 0x6a, 0x21, 0x1c,
    0x86, 0x70, 0x90, 0x68, 0x41, 0x1c, 0x26, 0x08, 0xc5, 0x1b, 0x6c, 0x10,
    0xaa, 0x61, 0xc3, 0x52, 0xc9, 0xc2, 0x2c, 0xd0, 0x42, 0x2e, 0x84, 0xc3,
    0xa0, 0x0e, 0x52, 0x38, 0xac, 0xc3, 0x86, 0x65, 0x92, 0x85, 0x59, 0xa0,
    0x85, 0x5d, 0x08, 0x87, 0x81, 0x17, 0x2a, 0x5a, 0xf0, 0x85, 0x09, 0x02,
    0x41, 0x06, 0x1b, 0x16, 0x77, 0x90, 0x85, 0x59, 0xa0, 0x05, 0x70, 0x08,
    0x87, 0x21, 0x1c, 0x26, 0x5a, 0x10, 0x87, 0x0d, 0x86, 0x39, 0xa0, 0x43,
    0x3a, 0xb0, 0x43, 0x3b, 0xbc, 0xc3, 0x86, 0x81, 0x1c, 0xe0, 0x01, 0xd8,
    0x50, 0xa8, 0x42, 0x2c, 0xc4, 0xc3, 0x03, 0x10, 0x11, 0x93, 0x0b, 0x73,
    0x1b, 0x43, 0x2b, 0x9b, 0x9b, 0x20, 0x10, 0x65, 0x40, 0xc3, 0x8c, 0xed,
    0x2d, 0x8c, 0x6e, 0x6e, 0x82, 0x40, 0x98, 0x01, 0x8b, 0x34, 0xb7, 0x39,
    0xba, 0xb9, 0x09, 0x02, 0x71, 0x06, 0x24, 0xd2, 0xdc, 0xe8, 0xe6, 0x26,
    0x08, 0x04, 0x1a, 0xd0, 0x98, 0x4b, 0x3b, 0xfb, 0x62, 0x23, 0xa3, 0x31,
    0x97, 0x76, 0xf6, 0x35, 0x47, 0x37, 0x41, 0x20, 0xd2, 0x80, 0x45, 0x5d,
    0x9a, 0x1b, 0xdd, 0xdc, 0x06, 0x67, 0x1e, 0xe8, 0xa1, 0x1e, 0xec, 0xe1,
    0x1e, 0xf0, 0x21, 0x1f, 0xf4, 0x61, 0x1f, 0xe8, 0x81, 0x1f, 0xfa, 0xc1,
    0x1f, 0xaa, 0x2a, 0x6c, 0x6c, 0x76, 0x6d, 0x2e, 0x69, 0x64, 0x65, 0x6e,
    0x74, 0x53, 0x82, 0xa0, 0x0a, 0x19, 0x9e, 0x8b, 0x5d, 0x99, 0xdc, 0x5c,
    0xda, 0x9b, 0xdb, 0x94, 0x80, 0x68, 0x42, 0x86, 0xe7, 0x62, 0x17, 0xc6,
    0x66, 0x57, 0x26, 0x37, 0x25, 0x28, 0xea, 0x90, 0xe1, 0xb9, 0xcc, 0xa1,
    0x85, 0x91, 0x95, 0xc9, 0x35, 0xbd, 0x91, 0x95, 0xb1, 0x4d, 0x09, 0x90,
    0x32, 0x64, 0x78, 0x2e, 0x72, 0x65, 0x73, 0x6f, 0x75, 0x72, 0x63, 0x65,
    0x73, 0x53, 0x02, 0xa7, 0x12, 0x19, 0x9e, 0x0b, 0x5d, 0x1e, 0x5c, 0x59,
    0x90, 0x9b, 0xdb, 0x1b, 0x5d, 0x18, 0x5d, 0xda, 0x9b, 0xdb, 0xdc, 0x14,
    0x01, 0x15, 0x5a, 0xa1, 0x0e, 0x19, 0x9e, 0x8b, 0x5d, 0x5a, 0xd9, 0x5d,
    0x12, 0xd9, 0x14, 0x5d, 0x18, 0x5d, 0xd9, 0x94, 0xe0, 0x15, 0xea, 0x90,
    0xe1, 0xb9, 0x94, 0xb9, 0xd1, 0xc9, 0xe5, 0x41, 0xbd, 0xa5, 0xb9, 0xd1,
    0xcd, 0x4d, 0x09, 0xe2, 0xa1, 0x0b, 0x19, 0x9e, 0xcb, 0xd8, 0x5b, 0x9d,
    0x1b, 0x5d, 0x99, 0xdc, 0xdc, 0x94, 0xc0, 0x1f, 0x00, 0x00, 0x00, 0x00,
    0x79, 0x18, 0x00, 0x00, 0x51, 0x00, 0x00, 0x00, 0x33, 0x08, 0x80, 0x1c,
    0xc4, 0xe1, 0x1c, 0x66, 0x14, 0x01, 0x3d, 0x88, 0x43, 0x38, 0x84, 0xc3,
    0x8c, 0x42, 0x80, 0x07, 0x79, 0x78, 0x07, 0x73, 0x98, 0x71, 0x0c, 0xe6,
    0x00, 0x0f, 0xed, 0x10, 0x0e, 0xf4, 0x80, 0x0e, 0x33, 0x0c, 0x42, 0x1e,
    0xc2, 0xc1, 0x1d, 0xce, 0xa1, 0x1c, 0x66, 0x30, 0x05, 0x3d, 0x88, 0x43,
    0x38, 0x84, 0x83, 0x1b, 0xcc, 0x03, 0x3d, 0xc8, 0x43, 0x3d, 0x8c, 0x03,
    0x3d, 0xcc, 0x78, 0x8c, 0x74, 0x70, 0x07, 0x7b, 0x08, 0x07, 0x79, 0x48,
    0x87, 0x70, 0x70, 0x07, 0x7a, 0x70, 0x03, 0x76, 0x78, 0x87, 0x70, 0x20,
    0x87, 0x19, 0xcc, 0x11, 0x0e, 0xec, 0x90, 0x0e, 0xe1, 0x30, 0x0f, 0x6e,
    0x30, 0x0f, 0xe3, 0xf0, 0x0e, 0xf0, 0x50, 0x0e, 0x33, 0x10, 0xc4, 0x1d,
    0xde, 0x21, 0x1c, 0xd8, 0x21, 0x1d, 0xc2, 0x61, 0x1e, 0x66, 0x30, 0x89,
    0x3b, 0xbc, 0x83, 0x3b, 0xd0, 0x43, 0x39, 0xb4, 0x03, 0x3c, 0xbc, 0x83,
    0x3c, 0x84, 0x03, 0x3b, 0xcc, 0xf0, 0x14, 0x76, 0x60, 0x07, 0x7b, 0x68,
    0x07, 0x37, 0x68, 0x87, 0x72, 0x68, 0x07, 0x37, 0x80, 0x87, 0x70, 0x90,
    0x87, 0x70, 0x60, 0x07, 0x76, 0x28, 0x07, 0x76, 0xf8, 0x05, 0x76, 0x78,
    0x87, 0x77, 0x80, 0x87, 0x5f, 0x08, 0x87, 0x71, 0x18, 0x87, 0x72, 0x98,
    0x87, 0x79, 0x98, 0x81, 0x2c, 0xee, 0xf0, 0x0e, 0xee, 0xe0, 0x0e, 0xf5,
    0xc0, 0x0e, 0xec, 0x30, 0x03, 0x62, 0xc8, 0xa1, 0x1c, 0xe4, 0xa1, 0x1c,
    0xcc, 0xa1, 0x1c, 0xe4, 0xa1, 0x1c, 0xdc, 0x61, 0x1c, 0xca, 0x21, 0x1c,
    0xc4, 0x81, 0x1d, 0xca, 0x61, 0x06, 0xd6, 0x90, 0x43, 0x39, 0xc8, 0x43,
    0x39, 0x98, 0x43, 0x39, 0xc8, 0x43, 0x39, 0xb8, 0xc3, 0x38, 0x94, 0x43,
    0x38, 0x88, 0x03, 0x3b, 0x94, 0xc3, 0x2f, 0xbc, 0x83, 0x3c, 0xfc, 0x82,
    0x3b, 0xd4, 0x03, 0x3b, 0xb0, 0xc3, 0x8c, 0xc8, 0x21, 0x07, 0x7c, 0x70,
    0x03, 0x72, 0x10, 0x87, 0x73, 0x70, 0x03, 0x7b, 0x08, 0x07, 0x79, 0x60,
    0x87, 0x70, 0xc8, 0x87, 0x77, 0xa8, 0x07, 0x7a, 0x98, 0x81, 0x3c, 0xe4,
    0x80, 0x0f, 0x6e, 0x40, 0x0f, 0xe5, 0xd0, 0x0e, 0xf0, 0x30, 0x83, 0x81,
    0xc8, 0x01, 0x1f, 0xdc, 0x40, 0x1c, 0xe4, 0xa1, 0x1c, 0xc2, 0x61, 0x1d,
    0xdc, 0x40, 0x1c, 0xe4, 0x01, 0x00, 0x00, 0x00, 0x71, 0x20, 0x00, 0x00,
    0x28, 0x00, 0x00, 0x00, 0x06, 0x60, 0xbc, 0xac, 0x09, 0x20, 0x8d, 0x15,
    0x40, 0xc3, 0xe5, 0x3b, 0x8f, 0x1f, 0x20, 0x0d, 0x10, 0x61, 0x7e, 0x71,
    0xdb, 0x66, 0xb0, 0x0d, 0x97, 0xef, 0x3c, 0xbe, 0x10, 0x50, 0x45, 0x41,
    0x44, 0xa5, 0x03, 0x0c, 0x25, 0x61, 0x00, 0x02, 0xe6, 0x17, 0xb7, 0x6d,
    0x07, 0xdb, 0x70, 0xf9, 0xce, 0xe3, 0x0b, 0x01, 0x55, 0x14, 0x44, 0x54,
    0x3a, 0xc0, 0x50, 0x12, 0x06, 0x20, 0x60, 0x3e, 0x72, 0xdb, 0x96, 0x20,
    0x0d, 0x97, 0xef, 0x3c, 0xbe, 0x10, 0x11, 0xc0, 0x44, 0x84, 0x40, 0x33,
    0x2c, 0x84, 0x0d, 0x38, 0xc3, 0xe5, 0x3b, 0x8f, 0x3f, 0x38, 0xd3, 0xed,
    0x17, 0xb7, 0x6d, 0x01, 0xd3, 0x70, 0xf9, 0xce, 0xe3, 0x2f, 0x0e, 0x30,
    0x88, 0xcd, 0x43, 0x4d, 0x7e, 0x71, 0xdb, 0x26, 0x50, 0x0d, 0x97, 0xef,
    0x3c, 0xbe, 0x34, 0x39, 0x11, 0x81, 0x52, 0xd3, 0x43, 0x4d, 0x7e, 0x71,
    0xdb, 0x86, 0x20, 0x0d, 0x97, 0xef, 0x3c, 0xfe, 0x44, 0x44, 0x13, 0x02,
    0x44, 0x98, 0x5f, 0xdc, 0xb6, 0x11, 0x3c, 0xc3, 0xe5, 0x3b, 0x8f, 0x4f,
    0x35, 0x40, 0x84, 0xf9, 0xc5, 0x6d, 0x03, 0x00, 0x00, 0x00, 0x00, 0x00,
    0x48, 0x41, 0x53, 0x48, 0x14, 0x00, 0x00, 0x00, 0x00, 0x00, 0x00, 0x00,
    0x02, 0x3f, 0x38, 0xe4, 0xf9, 0x5b, 0x20, 0x75, 0xfc, 0x38, 0xc4, 0xab,
    0xfa, 0x0b, 0xd4, 0x36, 0x44, 0x58, 0x49, 0x4c, 0x08, 0x11, 0x00, 0x00,
    0x60, 0x00, 0x01, 0x00, 0x42, 0x04, 0x00, 0x00, 0x44, 0x58, 0x49, 0x4c,
    0x00, 0x01, 0x00, 0x00, 0x10, 0x00, 0x00, 0x00, 0xf0, 0x10, 0x00, 0x00,
    0x42, 0x43, 0xc0, 0xde, 0x21, 0x0c, 0x00, 0x00, 0x39, 0x04, 0x00, 0x00,
    0x0b, 0x82, 0x20, 0x00, 0x02, 0x00, 0x00, 0x00, 0x13, 0x00, 0x00, 0x00,
    0x07, 0x81, 0x23, 0x91, 0x41, 0xc8, 0x04, 0x49, 0x06, 0x10, 0x32, 0x39,
    0x92, 0x01, 0x84, 0x0c, 0x25, 0x05, 0x08, 0x19, 0x1e, 0x04, 0x8b, 0x62,
    0x80, 0x18, 0x45, 0x02, 0x42, 0x92, 0x0b, 0x42, 0xc4, 0x10, 0x32, 0x14,
    0x38, 0x08, 0x18, 0x4b, 0x0a, 0x32, 0x62, 0x88, 0x48, 0x90, 0x14, 0x20,
    0x43, 0x46, 0x88, 0xa5, 0x00, 0x19, 0x32, 0x42, 0xe4, 0x48, 0x0e, 0x90,
    0x11, 0x23, 0xc4, 0x50, 0x41, 0x51, 0x81, 0x8c, 0xe1, 0x83, 0xe5, 0x8a,
    0x04, 0x31, 0x46, 0x06, 0x51, 0x18, 0x00, 0x00, 0x08, 0x00, 0x00, 0x00,
    0x1b, 0x8c, 0xe0, 0xff, 0xff, 0xff, 0xff, 0x07, 0x40, 0x02, 0xa8, 0x0d,
    0x84, 0xf0, 0xff, 0xff, 0xff, 0xff, 0x03, 0x20, 0x6d, 0x30, 0x86, 0xff,
    0xff, 0xff, 0xff, 0x1f, 0x00, 0x09, 0xa8, 0x00, 0x49, 0x18, 0x00, 0x00,
    0x03, 0x00, 0x00, 0x00, 0x13, 0x82, 0x60, 0x42, 0x20, 0x4c, 0x08, 0x06,
    0x00, 0x00, 0x00, 0x00, 0x89, 0x20, 0x00, 0x00, 0x35, 0x00, 0x00, 0x00,
    0x32, 0x22, 0x88, 0x09, 0x20, 0x64, 0x85, 0x04, 0x13, 0x23, 0xa4, 0x84,
    0x04, 0x13, 0x23, 0xe3, 0x84, 0xa1, 0x90, 0x14, 0x12, 0x4c, 0x8c, 0x8c,
    0x0b, 0x84, 0xc4, 0x4c, 0x10, 0x98, 0xc1, 0x08, 0x40, 0x09, 0x00, 0x0a,
    0x66, 0x00, 0xe6, 0x08, 0xc0, 0x60, 0x8e, 0x00, 0x29, 0xc6, 0x40, 0x10,
    0x44, 0x41, 0x90, 0x51, 0x0c, 0x80, 0x20, 0x88, 0x62, 0x20, 0xa4, 0x20,
    0x03, 0x31, 0x0c, 0xc3, 0x30, 0x0c, 0xa4, 0x94, 0x61, 0x20, 0x06, 0x62,
    0x0a, 0x31, 0x10, 0xc3, 0x40, 0xce, 0x51, 0xc3, 0xe5, 0x4f, 0xd8, 0x43,
    0x48, 0x3e, 0xb7, 0x51, 0xc5, 0x4a, 0x4c, 0x7e, 0x71, 0xdb, 0x88, 0x18,
    0x86, 0x61, 0xa0, 0xe2, 0x9e, 0xe1, 0xf2, 0x27, 0xec, 0x21, 0x24, 0x3f,
    0x04, 0x9a, 0x61, 0x21, 0x50, 0x10, 0x15, 0x02, 0x22, 0x24, 0x82, 0xa6,
    0xa3, 0x86, 0xcb, 0x9f, 0xb0, 0x87, 0x90, 0x7c, 0x6e, 0xa3, 0x8a, 0x95,
    0x98, 0x7c, 0xe4, 0xb6, 0x11, 0x41, 0x10, 0x04, 0x51, 0x88, 0x8a, 0x90,
    0x08, 0xb2, 0x4a, 0x31, 0x10, 0xc3, 0x30, 0x10, 0x36, 0x47, 0x10, 0x14,
    0x43, 0x22, 0x0a, 0x82, 0xd0, 0x68, 0x1b, 0x08, 0x18, 0x46, 0x20, 0x86,
    0x24, 0xf0, 0x86, 0x11, 0x86, 0x21, 0x11, 0xbc, 0x9b, 0x0e, 0x47, 0x9a,
    0x16, 0x00, 0x73, 0xa8, 0xc9, 0x7f, 0xd9, 0x14, 0x88, 0x00, 0x46, 0x42,
    0xd0, 0xf7, 0x79, 0x9e, 0xe7, 0x79, 0x9e, 0x47, 0x80, 0x61, 0x18, 0x86,
    0x21, 0x89, 0x09, 0x41, 0x4c, 0x01, 0x00, 0x00, 0x13, 0x14, 0x72, 0xc0,
    0x87, 0x74, 0x60, 0x87, 0x36, 0x68, 0x87, 0x79, 0x68, 0x03, 0x72, 0xc0,
    0x87, 0x0d, 0xaf, 0x50, 0x0e, 0x6d, 0xd0, 0x0e, 0x7a, 0x50, 0x0e, 0x6d,
    0x00, 0x0f, 0x7a, 0x30, 0x07, 0x72, 0xa0, 0x07, 0x73, 0x20, 0x07, 0x6d,
    0x90, 0x0e, 0x71, 0xa0, 0x07, 0x73, 0x20, 0x07, 0x6d, 0x90, 0x0e, 0x78,
    0xa0, 0x07, 0x73, 0x20, 0x07, 0x6d, 0x90, 0x0e, 0x71, 0x60, 0x07, 0x7a,
    0x30, 0x07, 0x72, 0xd0, 0x06, 0xe9, 0x30, 0x07, 0x72, 0xa0, 0x07, 0x73,
    0x20, 0x07, 0x6d, 0x90, 0x0e, 0x76, 0x40, 0x07, 0x7a, 0x60, 0x07, 0x74,
    0xd0, 0x06, 0xe6, 0x10, 0x07, 0x76, 0xa0, 0x07, 0x73, 0x20, 0x07, 0x6d,
    0x60, 0x0e, 0x73, 0x20, 0x07, 0x7a, 0x30, 0x07, 0x72, 0xd0, 0x06, 0xe6,
    0x60, 0x07, 0x74, 0xa0, 0x07, 0x76, 0x40, 0x07, 0x6d, 0xe0, 0x0e, 0x78,
    0xa0, 0x07, 0x71, 0x60, 0x07, 0x7a, 0x30, 0x07, 0x72, 0xa0, 0x07, 0x76,
    0x40, 0x07, 0x43, 0x9e, 0x00, 0x00, 0x00, 0x00, 0x00, 0x00, 0x00, 0x00,
    0x00, 0x00, 0x00, 0x86, 0x3c, 0x06, 0x10, 0x00, 0x01, 0x00, 0x00, 0x00,
    0x00, 0x00, 0x00, 0x00, 0x0c, 0x79, 0x10, 0x20, 0x00, 0x04, 0x00, 0x00,
    0x00, 0x00, 0x00, 0x00, 0x00, 0x18, 0xf2, 0x28, 0x40, 0x00, 0x04, 0x00,
    0x00, 0x00, 0x00, 0x00, 0x00, 0x00, 0x30, 0xe4, 0x61, 0x80, 0x00, 0x08,
    0x00, 0x00, 0x00, 0x00, 0x00, 0x00, 0x00, 0x60, 0xc8, 0xe3, 0x00, 0x01,
    0x10, 0x00, 0x00, 0x00, 0x00, 0x00, 0x00, 0x00, 0xc0, 0x90, 0x67, 0x02,
    0x02, 0x60, 0x00, 0x00, 0x00, 0x00, 0x00, 0x00, 0x00, 0x80, 0x21, 0x8f,
    0x05, 0x04, 0xc0, 0x00, 0x00, 0x00, 0x00, 0x00, 0x00, 0x00, 0x00, 0x43,
    0x1e, 0x0c, 0x08, 0x80, 0x00, 0x00, 0x00, 0x00, 0x00, 0x00, 0x00, 0x00,
    0x86, 0x3c, 0x1b, 0x10, 0x00, 0x03, 0x00, 0x00, 0x00, 0x00, 0x00, 0x00,
    0x00, 0x64, 0x81, 0x00, 0x13, 0x00, 0x00, 0x00, 0x32, 0x1e, 0x98, 0x14,
    0x19, 0x11, 0x4c, 0x90, 0x8c, 0x09, 0x26, 0x47, 0xc6, 0x04, 0x43, 0x22,
    0x4a, 0x60, 0x04, 0xa0, 0x24, 0x8a, 0xa1, 0x00, 0x1d, 0xca, 0xa0, 0x1c,
    0x8a, 0xa0, 0x3c, 0x0a, 0xa1, 0x14, 0xa8, 0x28, 0x89, 0x11, 0x80, 0x32,
    0x28, 0x84, 0x22, 0x28, 0x01, 0x1a, 0x67, 0x00, 0x88, 0x1c, 0x0b, 0x72,
    0xa4, 0x7f, 0x0c, 0xfe, 0x31, 0xf8, 0xc7, 0x00, 0x80, 0x07, 0x78, 0x80,
    0x07, 0x00, 0x14, 0xc0, 0x00, 0x02, 0x09, 0x10, 0x01, 0x21, 0x00, 0x00,
    0x79, 0x18, 0x00, 0x00, 0x79, 0x00, 0x00, 0x00, 0x1a, 0x03, 0x4c, 0x90,
    0x46, 0x02, 0x13, 0xc4, 0x34, 0x20, 0xc3, 0x1b, 0x43, 0x81, 0x93, 0x4b,
    0xb3, 0x0b, 0xa3, 0x2b, 0x4b, 0x01, 0x89, 0x71, 0xc9, 0x71, 0x81, 0x71,
    0xa9, 0xa1, 0x81, 0x91, 0x01, 0x41, 0x81, 0x21, 0x9b, 0x29, 0x2b, 0xb3,
    0x11, 0xab, 0xa9, 0x69, 0x21, 0x4b, 0x93, 0xa3, 0xcb, 0x4b, 0xd9, 0x10,
    0x04, 0x13, 0x04, 0x42, 0x99, 0x20, 0x10, 0xcb, 0x06, 0x61, 0x20, 0x26,
    0x08, 0x04, 0xb3, 0x41, 0x18, 0x0c, 0x0a, 0x76, 0x73, 0x13, 0x04, 0xa2,
    0xd9, 0x30, 0x20, 0x09, 0x31, 0x41, 0x18, 0x83, 0x8d, 0xc0, 0x04, 0x81,
    0x70, 0x36, 0x20, 0xc4, 0xc2, 0x0c, 0xc4, 0xd0, 0x00, 0x1b, 0x02, 0x67,
    0x03, 0x01, 0x00, 0x0f, 0x30, 0x41, 0x20, 0x03, 0x6e, 0x43, 0x10, 0x4d,
    0x10, 0x04, 0x80, 0x86, 0xd5, 0x54, 0x53, 0x58, 0x9a, 0x1b, 0x11, 0xaa,
    0x22, 0xac, 0xa1, 0xa7, 0x27, 0x29, 0xa2, 0x09, 0x42, 0x51, 0x4d, 0x10,
    0x0a, 0x6b, 0x43, 0x40, 0x4c, 0x10, 0x8a, 0x6b, 0x82, 0x40, 0x3c, 0x13,
    0x04, 0x02, 0xda, 0x20, 0x68, 0xdb, 0x86, 0x85, 0xa8, 0xac, 0x0b, 0xbb,
    0x86, 0x8c, 0xb8, 0xb8, 0x0d, 0xc1, 0xb0, 0x61, 0x19, 0x2a, 0xeb, 0xf2,
    0xae, 0x21, 0x1b, 0x2e, 0x6e, 0x82, 0x40, 0x44, 0x1b, 0x02, 0x30, 0x98,
    0x20, 0x14, 0xd8, 0x04, 0x81, 0x90, 0x36, 0x08, 0xda, 0x18, 0x6c, 0x58,
    0xc0, 0xa0, 0xb2, 0xae, 0x30, 0xb8, 0x06, 0x31, 0x00, 0x83, 0x8b, 0x0c,
    0x36, 0x04, 0xda, 0x04, 0xa1, 0xc8, 0x36, 0x08, 0x9a, 0xb6, 0x61, 0xd1,
    0x2a, 0xeb, 0x32, 0x83, 0x6b, 0x38, 0x03, 0xed, 0x42, 0x83, 0x0d, 0x44,
    0xf7, 0x95, 0x41, 0x1a, 0x70, 0x99, 0xb2, 0xfa, 0x82, 0x7a, 0x9b, 0x4b,
    0xa3, 0x4b, 0x7b, 0x73, 0xdb, 0xb0, 0x10, 0x6b, 0x60, 0x65, 0x98, 0x18,
    0x0c, 0x62, 0x40, 0x5c, 0x64, 0xc0, 0x62, 0xe8, 0x89, 0xe9, 0x49, 0x6a,
    0xc3, 0x32, 0xb4, 0x81, 0x75, 0x61, 0x67, 0x30, 0x88, 0xc1, 0x70, 0x91,
    0xc1, 0x86, 0x05, 0x0c, 0x2a, 0xeb, 0xc2, 0xce, 0x60, 0x38, 0x03, 0x30,
    0xb8, 0xd0, 0x60, 0x82, 0x50, 0x68, 0x1b, 0x04, 0x6d, 0xd8, 0xb0, 0x68,
    0x95, 0x75, 0x79, 0x67, 0x30, 0xc0, 0x01, 0x18, 0x9c, 0x41, 0x1c, 0x4c,
    0x10, 0x88, 0x69, 0xc3, 0x32, 0x07, 0x95, 0x75, 0x85, 0xc1, 0x19, 0x0c,
    0x62, 0xa0, 0x5d, 0x64, 0x30, 0x41, 0x20, 0xa8, 0x0d, 0x4b, 0x1d, 0x54,
    0xd6, 0x65, 0x06, 0x67, 0x30, 0x9c, 0xc1, 0x1c, 0x5c, 0x68, 0xb0, 0xc1,
    0x60, 0x03, 0x37, 0x78, 0x03, 0x39, 0xa0, 0x03, 0x3b, 0xd8, 0x30, 0xa8,
    0xc1, 0x1d, 0x00, 0x1b, 0x8a, 0x89, 0xc2, 0x03, 0x08, 0xa8, 0xc2, 0xc6,
    0x66, 0xd7, 0xe6, 0x92, 0x46, 0x56, 0xe6, 0x46, 0x37, 0x25, 0x08, 0xaa,
    0x90, 0xe1, 0xb9, 0xd8, 0x95, 0xc9, 0xcd, 0xa5, 0xbd, 0xb9, 0x4d, 0x09,
    0x88, 0x26, 0x64, 0x78, 0x2e, 0x76, 0x61, 0x6c, 0x76, 0x65, 0x72, 0x53,
    0x02, 0xa3, 0x0e, 0x19, 0x9e, 0xcb, 0x1c, 0x5a, 0x18, 0x59, 0x99, 0x5c,
    0xd3, 0x1b, 0x59, 0x19, 0xdb, 0x94, 0x20, 0x29, 0x43, 0x86, 0xe7, 0x22,
    0x57, 0x36, 0xf7, 0x56, 0x27, 0x37, 0x56, 0x36, 0x37, 0x25, 0x78, 0xea,
    0x90, 0xe1, 0xb9, 0xd8, 0xa5, 0x95, 0xdd, 0x25, 0x91, 0x4d, 0xd1, 0x85,
    0xd1, 0x95, 0x4d, 0x09, 0xa2, 0x3a, 0x64, 0x78, 0x2e, 0x65, 0x6e, 0x74,
    0x72, 0x79, 0x50, 0x6f, 0x69, 0x6e, 0x74, 0x73, 0x53, 0x02, 0x3c, 0x00,
    0x79, 0x18, 0x00, 0x00, 0x51, 0x00, 0x00, 0x00, 0x33, 0x08, 0x80, 0x1c,
    0xc4, 0xe1, 0x1c, 0x66, 0x14, 0x01, 0x3d, 0x88, 0x43, 0x38, 0x84, 0xc3,
    0x8c, 0x42, 0x80, 0x07, 0x79, 0x78, 0x07, 0x73, 0x98, 0x71, 0x0c, 0xe6,
    0x00, 0x0f, 0xed, 0x10, 0x0e, 0xf4, 0x80, 0x0e, 0x33, 0x0c, 0x42, 0x1e,
    0xc2, 0xc1, 0x1d, 0xce, 0xa1, 0x1c, 0x66, 0x30, 0x05, 0x3d, 0x88, 0x43,
    0x38, 0x84, 0x83, 0x1b, 0xcc, 0x03, 0x3d, 0xc8, 0x43, 0x3d, 0x8c, 0x03,
    0x3d, 0xcc, 0x78, 0x8c, 0x74, 0x70, 0x07, 0x7b, 0x08, 0x07, 0x79, 0x48,
    0x87, 0x70, 0x70, 0x07, 0x7a, 0x70, 0x03, 0x76, 0x78, 0x87, 0x70, 0x20,
    0x87, 0x19, 0xcc, 0x11, 0x0e, 0xec, 0x90, 0x0e, 0xe1, 0x30, 0x0f, 0x6e,
    0x30, 0x0f, 0xe3, 0xf0, 0x0e, 0xf0, 0x50, 0x0e, 0x33, 0x10, 0xc4, 0x1d,
    0xde, 0x21, 0x1c, 0xd8, 0x21, 0x1d, 0xc2, 0x61, 0x1e, 0x66, 0x30, 0x89,
    0x3b, 0xbc, 0x83, 0x3b, 0xd0, 0x43, 0x39, 0xb4, 0x03, 0x3c, 0xbc, 0x83,
    0x3c, 0x84, 0x03, 0x3b, 0xcc, 0xf0, 0x14, 0x76, 0x60, 0x07, 0x7b, 0x68,
    0x07, 0x37, 0x68, 0x87, 0x72, 0x68, 0x07, 0x37, 0x80, 0x87, 0x70, 0x90,
    0x87, 0x70, 0x60, 0x07, 0x76, 0x28, 0x07, 0x76, 0xf8, 0x05, 0x76, 0x78,
    0x87, 0x77, 0x80, 0x87, 0x5f, 0x08, 0x87, 0x71, 0x18, 0x87, 0x72, 0x98,
    0x87, 0x79, 0x98, 0x81, 0x2c, 0xee, 0xf0, 0x0e, 0xee, 0xe0, 0x0e, 0xf5,
    0xc0, 0x0e, 0xec, 0x30, 0x03, 0x62, 0xc8, 0xa1, 0x1c, 0xe4, 0xa1, 0x1c,
    0xcc, 0xa1, 0x1c, 0xe4, 0xa1, 0x1c, 0xdc, 0x61, 0x1c, 0xca, 0x21, 0x1c,
    0xc4, 0x81, 0x1d, 0xca, 0x61, 0x06, 0xd6, 0x90, 0x43, 0x39, 0xc8, 0x43,
    0x39, 0x98, 0x43, 0x39, 0xc8, 0x43, 0x39, 0xb8, 0xc3, 0x38, 0x94, 0x43,
    0x38, 0x88, 0x03, 0x3b, 0x94, 0xc3, 0x2f, 0xbc, 0x83, 0x3c, 0xfc, 0x82,
    0x3b, 0xd4, 0x03, 0x3b, 0xb0, 0xc3, 0x8c, 0xc8, 0x21, 0x07, 0x7c, 0x70,
    0x03, 0x72, 0x10, 0x87, 0x73, 0x70, 0x03, 0x7b, 0x08, 0x07, 0x79, 0x60,
    0x87, 0x70, 0xc8, 0x87, 0x77, 0xa8, 0x07, 0x7a, 0x98, 0x81, 0x3c, 0xe4,
    0x80, 0x0f, 0x6e, 0x40, 0x0f, 0xe5, 0xd0, 0x0e, 0xf0, 0x30, 0x83, 0x81,
    0xc8, 0x01, 0x1f, 0xdc, 0x40, 0x1c, 0xe4, 0xa1, 0x1c, 0xc2, 0x61, 0x1d,
    0xdc, 0x40, 0x1c, 0xe4, 0x01, 0x00, 0x00, 0x00, 0x71, 0x20, 0x00, 0x00,
    0x28, 0x00, 0x00, 0x00, 0x06, 0x60, 0xbc, 0xac, 0x09, 0x20, 0x8d, 0x15,
    0x40, 0xc3, 0xe5, 0x3b, 0x8f, 0x1f, 0x20, 0x0d, 0x10, 0x61, 0x7e, 0x71,
    0xdb, 0x66, 0xb0, 0x0d, 0x97, 0xef, 0x3c, 0xbe, 0x10, 0x50, 0x45, 0x41,
    0x44, 0xa5, 0x03, 0x0c, 0x25, 0x61, 0x00, 0x02, 0xe6, 0x17, 0xb7, 0x6d,
    0x07, 0xdb, 0x70, 0xf9, 0xce, 0xe3, 0x0b, 0x01, 0x55, 0x14, 0x44, 0x54,
    0x3a, 0xc0, 0x50, 0x12, 0x06, 0x20, 0x60, 0x3e, 0x72, 0xdb, 0x96, 0x20,
    0x0d, 0x97, 0xef, 0x3c, 0xbe, 0x10, 0x11, 0xc0, 0x44, 0x84, 0x40, 0x33,
    0x2c, 0x84, 0x0d, 0x38, 0xc3, 0xe5, 0x3b, 0x8f, 0x3f, 0x38, 0xd3, 0xed,
    0x17, 0xb7, 0x6d, 0x01, 0xd3, 0x70, 0xf9, 0xce, 0xe3, 0x2f, 0x0e, 0x30,
    0x88, 0xcd, 0x43, 0x4d, 0x7e, 0x71, 0xdb, 0x26, 0x50, 0x0d, 0x97, 0xef,
    0x3c, 0xbe, 0x34, 0x39, 0x11, 0x81, 0x52, 0xd3, 0x43, 0x4d, 0x7e, 0x71,
    0xdb, 0x86, 0x20, 0x0d, 0x97, 0xef, 0x3c, 0xfe, 0x44, 0x44, 0x13, 0x02,
    0x44, 0x98, 0x5f, 0xdc, 0xb6, 0x11, 0x3c, 0xc3, 0xe5, 0x3b, 0x8f, 0x4f,
    0x35, 0x40, 0x84, 0xf9, 0xc5, 0x6d, 0x03, 0x00, 0x61, 0x20, 0x00, 0x00,
    0x8a, 0x02, 0x00, 0x00, 0x13, 0x04, 0x57, 0x2c, 0x10, 0x00, 0x00, 0x00,
    0x16, 0x00, 0x00, 0x00, 0xa4, 0x8d, 0x00, 0x10, 0x51, 0x16, 0x85, 0x51,
    0x60, 0x05, 0x55, 0x40, 0x05, 0x52, 0x1a, 0x65, 0x57, 0x5c, 0x33, 0x00,
    0xe5, 0x56, 0x46, 0x25, 0x53, 0x2a, 0x45, 0x51, 0x30, 0xe5, 0x52, 0x48,
    0x05, 0x51, 0x72, 0xc5, 0x41, 0xc3, 0x18, 0xc1, 0x1e, 0xab, 0xf1, 0xfe,
    0x0b, 0x63, 0x04, 0x20, 0x08, 0x82, 0x20, 0x28, 0x8c, 0x11, 0x80, 0x20,
    0x08, 0xf2, 0xdf, 0x18, 0x41, 0xdf, 0xb7, 0x2c, 0xae, 0x8d, 0x11, 0x80,
    0x20, 0x08, 0x8a, 0x60, 0x30, 0x46, 0x00, 0x82, 0x20, 0x08, 0x7f, 0x63,
    0x04, 0x20, 0x08, 0x82, 0xf8, 0x37, 0x02, 0x00, 0x23, 0x06, 0x09, 0x00,
    0x82, 0x60, 0xb0, 0xc9, 0x81, 0x22, 0x06, 0x70, 0x00, 0x07, 0xde, 0x88,
    0x41, 0x02, 0x80, 0x20, 0x18, 0x18, 0x7b, 0x90, 0x06, 0x6d, 0x10, 0x07,
    0x66, 0x50, 0x8d, 0x18, 0x24, 0x00, 0x08, 0x82, 0x81, 0xc1, 0x07, 0x6a,
    0xe0, 0x06, 0x72, 0x30, 0x06, 0xd6, 0x88, 0x41, 0x02, 0x80, 0x20, 0x18,
    0x18, 0x7d, 0xb0, 0x06, 0x6d, 0x30, 0x07, 0x68, 0x70, 0x8d, 0x18, 0x24,
    0x00, 0x08, 0x82, 0x81, 0xe1, 0x07, 0x6c, 0xe0, 0x06, 0x74, 0x50, 0x06,
    0xd8, 0x88, 0x41, 0x02, 0x80, 0x20, 0x18, 0x18, 0x7f, 0xd0, 0x06, 0x6f,
    0x50, 0x07, 0x67, 0x90, 0x8d, 0x18, 0x24, 0x00, 0x08, 0x82, 0x81, 0x01,
    0x0a, 0x6e, 0x00, 0x07, 0x76, 0xa0, 0x06, 0xda, 0x88, 0x41, 0x02, 0x80,
    0x20, 0x18, 0x18, 0xa1, 0xf0, 0x06, 0x78, 0x70, 0x07, 0x6c, 0xb0, 0x8d,
    0x18, 0x24, 0x00, 0x08, 0x82, 0x81, 0x21, 0x0a, 0x70, 0x90, 0x07, 0x78,
    0x90, 0x06, 0xdc, 0x88, 0x41, 0x02, 0x80, 0x20, 0x18, 0x18, 0xa3, 0x10,
    0x07, 0x7a, 0x90, 0x07, 0x6b, 0xd0, 0x8d, 0x18, 0x24, 0x00, 0x08, 0x82,
    0x81, 0x41, 0x0a, 0x72, 0xa0, 0x07, 0x7a, 0xf0, 0x06, 0xde, 0x88, 0x41,
    0x02, 0x80, 0x20, 0x18, 0x18, 0xa5, 0x30, 0x07, 0x7b, 0xb0, 0x07, 0x6c,
    0xf0, 0x8d, 0x18, 0x24, 0x00, 0x08, 0x82, 0x81, 0x61, 0x0a, 0x74, 0xc0,
    0x07, 0x7c, 0xe0, 0x06, 0x60, 0x30, 0x62, 0x70, 0x00, 0x20, 0x08, 0x06,
    0x93, 0x28, 0x8c, 0x41, 0xd3, 0x07, 0xa3, 0x09, 0x01, 0x30, 0x9a, 0x20,
    0x04, 0xa3, 0x09, 0x83, 0x30, 0x9a, 0x40, 0x0c, 0x23, 0x06, 0x07, 0x00,
    0x82, 0x60, 0x30, 0x9d, 0x02, 0x1a, 0x48, 0xa3, 0x30, 0x9a, 0x10, 0x00,
    0xa3, 0x09, 0x42, 0x30, 0x9a, 0x30, 0x08, 0xa3, 0x09, 0xc4, 0x30, 0x62,
    0x70, 0x00, 0x20, 0x08, 0x06, 0x13, 0x2b, 0xb4, 0xc1, 0x15, 0x0a, 0xa3,
    0x09, 0x01, 0x30, 0x9a, 0x20, 0x04, 0xa3, 0x09, 0x83, 0x30, 0x9a, 0x40,
    0x0c, 0x23, 0x06, 0x07, 0x00, 0x82, 0x60, 0x30, 0xc5, 0x82, 0x1c, 0x70,
    0xa8, 0x30, 0x9a, 0x10, 0x00, 0xa3, 0x09, 0x42, 0x30, 0x9a, 0x30, 0x08,
    0xa3, 0x09, 0xc4, 0x60, 0xd3, 0x25, 0x9f, 0x11, 0x03, 0x04, 0x00, 0x41,
    0x30, 0xc0, 0x6a, 0xe1, 0x0e, 0x9e, 0x2b, 0x18, 0x31, 0x40, 0x00, 0x10,
    0x04, 0x03, 0xcc, 0x16, 0xf0, 0x60, 0xb9, 0x02, 0x0b, 0x0e, 0xe8, 0x98,
    0xb5, 0xc9, 0x67, 0xc4, 0x00, 0x01, 0x40, 0x10, 0x0c, 0xb0, 0x5c, 0xd8,
    0x03, 0x69, 0x0b, 0x46, 0x0c, 0x10, 0x00, 0x04, 0xc1, 0x00, 0xd3, 0x05,
    0x3e, 0x70, 0xb6, 0xc0, 0x02, 0x05, 0x3a, 0x96, 0x7d, 0xf2, 0x19, 0x31,
    0x40, 0x00, 0x10, 0x04, 0x03, 0xac, 0x17, 0xfe, 0xa0, 0xfa, 0x82, 0x11,
    0x03, 0x04, 0x00, 0x41, 0x30, 0xc0, 0x7c, 0x01, 0x14, 0xa2, 0x2f, 0xb0,
    0xa0, 0x81, 0x8e, 0x71, 0x63, 0x20, 0x9f, 0x11, 0x03, 0x04, 0x00, 0x41,
    0x30, 0xc0, 0xc2, 0x61, 0x14, 0xb0, 0x31, 0x08, 0x46, 0x0c, 0x10, 0x00,
    0x04, 0xc1, 0x00, 0x13, 0x07, 0x52, 0xa0, 0xc6, 0x20, 0xb0, 0x00, 0x82,
    0xce, 0x88, 0xc1, 0x01, 0x80, 0x20, 0x18, 0x4c, 0xe6, 0x70, 0x0a, 0x71,
    0xa0, 0x07, 0xa3, 0x09, 0x01, 0x30, 0x1c, 0x11, 0xd8, 0x81, 0xf0, 0xcd,
    0x32, 0x08, 0x41, 0x30, 0x62, 0x70, 0x00, 0x20, 0x08, 0x06, 0x53, 0x3a,
    0xa8, 0x02, 0x1d, 0x8c, 0xc3, 0x68, 0x42, 0x00, 0x8c, 0x26, 0x08, 0xc1,
    0x68, 0xc2, 0x20, 0xcc, 0x12, 0x08, 0x03, 0x15, 0x83, 0x11, 0x98, 0x03,
    0x30, 0x50, 0x31, 0x18, 0x81, 0x3a, 0x00, 0x03, 0x15, 0x83, 0x11, 0xb8,
    0x03, 0x30, 0x62, 0x70, 0x00, 0x20, 0x08, 0x06, 0x13, 0x3c, 0xc4, 0xc2,
    0x1e, 0xa8, 0xc3, 0x68, 0x42, 0x30, 0x58, 0x70, 0x07, 0xf2, 0x19, 0x31,
    0x38, 0x00, 0x10, 0x04, 0x83, 0x69, 0x1e, 0x68, 0xc1, 0x0f, 0xcc, 0x61,
    0x34, 0x21, 0x00, 0x46, 0x13, 0x84, 0x60, 0x34, 0x61, 0x10, 0x46, 0x0c,
    0x0e, 0x00, 0x04, 0xc1, 0x60, 0xba, 0x07, 0x5c, 0x10, 0x85, 0x74, 0x18,
    0x4d, 0x08, 0x80, 0xd1, 0x04, 0x21, 0x18, 0x4d, 0x18, 0x84, 0x11, 0x83,
    0x03, 0x00, 0x41, 0x30, 0x98, 0xf6, 0x81, 0x17, 0x4c, 0x81, 0x1e, 0x46,
    0x13, 0x02, 0x60, 0x34, 0x41, 0x08, 0x46, 0x13, 0x06, 0x61, 0xc4, 0xe0,
    0x00, 0x40, 0x10, 0x0c, 0xa6, 0x7f, 0x00, 0x07, 0x55, 0xa8, 0x87, 0xd1,
    0x84, 0x00, 0x18, 0x4d, 0x10, 0x82, 0xd1, 0x84, 0x41, 0xb0, 0x87, 0x14,
    0xe4, 0x33, 0x62, 0x80, 0x00, 0x20, 0x08, 0x06, 0x98, 0x48, 0x90, 0x03,
    0x43, 0x0a, 0xc1, 0x88, 0x01, 0x02, 0x80, 0x20, 0x18, 0x60, 0x23, 0x51,
    0x0e, 0x09, 0x29, 0x04, 0x16, 0x18, 0xd0, 0x31, 0x09, 0x15, 0xe4, 0x33,
    0x62, 0x80, 0x00, 0x20, 0x08, 0x06, 0x98, 0x49, 0xa0, 0xc3, 0x83, 0x0a,
    0xc1, 0x88, 0x01, 0x02, 0x80, 0x20, 0x18, 0x60, 0x27, 0x91, 0x0e, 0x0c,
    0x2a, 0x04, 0x16, 0x24, 0xd0, 0xb1, 0x8a, 0x15, 0xe4, 0x33, 0x62, 0x80,
    0x00, 0x20, 0x08, 0x06, 0x98, 0x4a, 0xb0, 0x83, 0xc4, 0x0a, 0xc1, 0x88,
    0x01, 0x02, 0x80, 0x20, 0x18, 0x60, 0x2b, 0xd1, 0x0e, 0x0f, 0x2b, 0x04,
    0x16, 0x30, 0xd0, 0xb1, 0x6d, 0x16, 0xe4, 0x33, 0x62, 0x80, 0x00, 0x20,
    0x08, 0x06, 0x98, 0x4b, 0xc0, 0x03, 0x36, 0x0b, 0xc1, 0x88, 0x01, 0x02,
    0x80, 0x20, 0x18, 0x60, 0x2f, 0x11, 0x0f, 0xd5, 0x2c, 0x04, 0xd6, 0xd9,
    0x82, 0x7c, 0x46, 0x0c, 0x10, 0x00, 0x04, 0xc1, 0x00, 0x8b, 0x89, 0x79,
    0xd0, 0x6c, 0x21, 0x18, 0x31, 0x40, 0x00, 0x10, 0x04, 0x03, 0x4c, 0x26,
    0xe8, 0xe1, 0xb2, 0x85, 0xc0, 0xbe, 0x5c, 0x90, 0xcf, 0x88, 0x01, 0x02,
    0x80, 0x20, 0x18, 0x60, 0x34, 0x61, 0x0f, 0x5c, 0x2e, 0x04, 0x23, 0x06,
    0x08, 0x00, 0x82, 0x60, 0x80, 0xd5, 0xc4, 0x3d, 0x64, 0xb9, 0x10, 0x8c,
    0x18, 0x2c, 0x00, 0x08, 0x82, 0x81, 0xb2, 0x13, 0xf6, 0x70, 0x10, 0xc1,
    0x41, 0x04, 0x23, 0x06, 0x06, 0x00, 0x82, 0x60, 0xc0, 0xec, 0x44, 0x3d,
    0x04, 0x16, 0x24, 0xf2, 0x31, 0xe1, 0x90, 0x8f, 0x0d, 0x85, 0x7c, 0x46,
    0x0c, 0x0e, 0x00, 0x04, 0xc1, 0x60, 0xea, 0x09, 0x7f, 0x40, 0x87, 0x7f,
    0x18, 0x4d, 0x08, 0x80, 0xd1, 0x04, 0x21, 0x18, 0x4d, 0x18, 0x04, 0x1b,
    0xb6, 0xf8, 0xd8, 0x80, 0xc5, 0xc7, 0x86, 0x2a, 0x3e, 0x23, 0x06, 0x0b,
    0x00, 0x82, 0x60, 0xa0, 0x9c, 0x85, 0x48, 0x0c, 0x42, 0x30, 0x08, 0xc1,
    0x88, 0x81, 0x01, 0x80, 0x20, 0x18, 0x30, 0x67, 0x11, 0x12, 0x81, 0x15,
    0x81, 0x7c, 0xac, 0x10, 0xe4, 0x63, 0xc5, 0x20, 0x9f, 0xd1, 0x84, 0x51,
    0x08, 0x86, 0x23, 0x02, 0x7c, 0x20, 0xbe, 0x59, 0x86, 0xa1, 0x08, 0x46,
    0x0c, 0x0e, 0x00, 0x04, 0xc1, 0x60, 0x5a, 0x0b, 0x96, 0xb0, 0x87, 0x92,
    0x18, 0x4d, 0x08, 0x80, 0xd1, 0x04, 0x21, 0xb0, 0x40, 0x80, 0xcf, 0x68,
    0x02, 0x21, 0x98, 0x10, 0xc0, 0x67, 0x38, 0x22, 0xe8, 0x07, 0xe1, 0x9b,
    0x65, 0x20, 0x8a, 0x60, 0x34, 0xe1, 0x18, 0x86, 0x23, 0x82, 0x7f, 0x10,
    0xbe, 0x59, 0x82, 0x62, 0xa0, 0x43, 0xd3, 0x93, 0x41, 0x4f, 0x04, 0x81,
    0x98, 0x25, 0x30, 0x06, 0x2a, 0x06, 0x11, 0x29, 0xfe, 0xa2, 0x19, 0xa8,
    0x18, 0x48, 0xa4, 0xf8, 0x8b, 0x66, 0xa0, 0x62, 0x30, 0x91, 0xe2, 0x2f,
    0x9a, 0x81, 0x8a, 0x01, 0x45, 0x8a, 0xf4, 0x68, 0x06, 0x2a, 0x08, 0x74,
    0x29, 0xd2, 0xa3, 0x19, 0x31, 0x38, 0x00, 0x10, 0x04, 0x03, 0x2b, 0x2f,
    0x76, 0xa2, 0x24, 0xdc, 0x62, 0x34, 0x21, 0x00, 0x86, 0x1b, 0x86, 0x00,
    0x0d, 0x66, 0x19, 0x0e, 0x27, 0x30, 0x02, 0x2c, 0x60, 0x30, 0x62, 0x70,
    0x00, 0x20, 0x08, 0x06, 0x93, 0x5f, 0xfc, 0x44, 0x4a, 0x04, 0xa3, 0x09,
    0xc1, 0x30, 0x1c, 0x11, 0xbc, 0x84, 0xf0, 0x8d, 0x26, 0x0c, 0xc0, 0x68,
    0x02, 0x11, 0x8c, 0x26, 0x14, 0xc2, 0x2c, 0x03, 0x92, 0x10, 0x23, 0x06,
    0x0b, 0x00, 0x82, 0x60, 0xa0, 0x9c, 0x86, 0x58, 0x0c, 0x42, 0x30, 0x08,
    0xc1, 0x88, 0x81, 0x01, 0x80, 0x20, 0x18, 0x30, 0xa7, 0x11, 0x16, 0x81,
    0x05, 0x85, 0x7c, 0x4c, 0x28, 0xe4, 0x63, 0x43, 0x21, 0x9f, 0x59, 0x82,
    0xc5, 0x90, 0x51, 0x88, 0x8f, 0x21, 0xa0, 0x10, 0x1f, 0x43, 0xfa, 0x20,
    0x3e, 0x36, 0x0c, 0xf2, 0xb1, 0x61, 0x90, 0x8f, 0x09, 0x01, 0x7c, 0x8c,
    0x20, 0xe4, 0x63, 0x42, 0x00, 0x9f, 0x11, 0x03, 0x03, 0x00, 0x41, 0x30,
    0x60, 0x66, 0x43, 0x2d, 0x82, 0x11, 0x83, 0x03, 0x00, 0x41, 0x30, 0x70,
    0x66, 0xe3, 0x2d, 0x02, 0xb1, 0x30, 0x25, 0xa0, 0x8f, 0x29, 0x02, 0x7d,
    0x4c, 0x19, 0xe8, 0x63, 0x9d, 0x5e, 0xc0, 0x60, 0xc4, 0xe0, 0x00, 0x40,
    0x10, 0x0c, 0xa6, 0xdb, 0xc0, 0x0b, 0xb1, 0x08, 0x46, 0x13, 0x02, 0x60,
    0x34, 0x41, 0x08, 0x46, 0x13, 0x06, 0xc1, 0x02, 0x45, 0x3e, 0x16, 0x0c,
    0xf0, 0xb1, 0x80, 0x91, 0x8f, 0x05, 0x06, 0x7c, 0x46, 0x0c, 0x0e, 0x00,
    0x04, 0xc1, 0xc0, 0x01, 0x0f, 0xbe, 0x08, 0xde, 0xc2, 0xda, 0x22, 0xa0,
    0xcf, 0x68, 0x82, 0x32, 0x0c, 0x47, 0x44, 0x81, 0xf0, 0x4d, 0x37, 0xbc,
    0xc5, 0x10, 0x0c, 0x47, 0x94, 0x41, 0x5d, 0x08, 0xdf, 0x2c, 0x83, 0xb2,
    0x04, 0xc6, 0x06, 0xaa, 0x01, 0x83, 0x11, 0x83, 0x03, 0x00, 0x41, 0x30,
    0x98, 0xcc, 0xe3, 0x34, 0xe2, 0x22, 0x18, 0x4d, 0x08, 0x80, 0xd1, 0x04,
    0x21, 0x18, 0x4d, 0x18, 0x84, 0x11, 0x83, 0x05, 0x00, 0x41, 0x30, 0x50,
    0xda, 0x03, 0x35, 0x06, 0x21, 0x18, 0x84, 0x60, 0xc4, 0xc0, 0x00, 0x40,
    0x10, 0x0c, 0x98, 0xf6, 0x38, 0x8d, 0xc0, 0x82, 0x42, 0x3e, 0x26, 0x14,
    0xf2, 0xb1, 0xa1, 0x90, 0x8f, 0x85, 0x06, 0x17, 0x1f, 0x13, 0x0d, 0x2e,
    0x3e, 0x36, 0x1a, 0x5c, 0x7c, 0x46, 0x0c, 0x16, 0x00, 0x04, 0xc1, 0x40,
    0xa9, 0x0f, 0xd8, 0x18, 0x84, 0xc0, 0x28, 0x88, 0xd1, 0x84, 0x66, 0xb0,
    0x3d, 0xd0, 0x0d, 0x18, 0x8c, 0x18, 0x1c, 0x00, 0x08, 0x82, 0xc1, 0x54,
    0x1f, 0xb6, 0x01, 0x1a, 0xc1, 0x68, 0x42, 0x10, 0x58, 0x11, 0xc4, 0x67,
    0x34, 0x61, 0x00, 0x2c, 0x18, 0xe2, 0x63, 0x43, 0x40, 0x9f, 0x11, 0x03,
    0x03, 0x00, 0x41, 0x30, 0x60, 0xfa, 0x23, 0x3e, 0x82, 0x11, 0x03, 0x03,
    0x00, 0x41, 0x30, 0x60, 0xfc, 0x83, 0x36, 0x02, 0x0b, 0x14, 0xf9, 0x8c,
    0x18, 0x18, 0x00, 0x08, 0x82, 0x01, 0x03, 0x22, 0xb9, 0x11, 0x0c, 0x47,
    0x34, 0x49, 0xf1, 0x4d, 0x37, 0xb0, 0x86, 0x10, 0x0c, 0x47, 0x3c, 0x89,
    0xf0, 0x4d, 0x37, 0xbc, 0x86, 0x10, 0x58, 0x00, 0x06, 0xf2, 0x99, 0x25,
    0x58, 0x06, 0x3a, 0x06, 0x7e, 0x40, 0xc4, 0x41, 0x11, 0x87, 0x64, 0xa0,
    0x63, 0xe0, 0x07, 0x44, 0x1c, 0x14, 0x71, 0x48, 0x06, 0x3a, 0x06, 0x7e,
    0x40, 0xc4, 0x41, 0x11, 0x87, 0x64, 0xa0, 0x63, 0x40, 0x1b, 0x04, 0x51,
    0x50, 0x21, 0x19, 0x31, 0x58, 0x00, 0x10, 0x04, 0x03, 0x65, 0x45, 0xcc,
    0xc3, 0x1d, 0xda, 0x81, 0x1d, 0x88, 0x41, 0x18, 0x31, 0x38, 0x00, 0x10,
    0x04, 0x03, 0x47, 0x45, 0xcc, 0x23, 0xa8, 0x8d, 0x11, 0x83, 0x03, 0x00,
    0x41, 0x30, 0x70, 0x56, 0x24, 0x3c, 0x82, 0xdb, 0x30, 0x59, 0x20, 0x0f,
    0x18, 0x8c, 0x18, 0x1c, 0x00, 0x08, 0x82, 0xc1, 0xc4, 0x22, 0xed, 0x71,
    0x1b, 0xc1, 0x68, 0x42, 0x00, 0x8c, 0x26, 0x08, 0xc1, 0x68, 0xc2, 0x20,
    0x98, 0x91, 0xc8, 0xc7, 0x88, 0x40, 0x3e, 0x46, 0x08, 0xf2, 0x31, 0x62,
    0x90, 0x8f, 0x0d, 0xbf, 0x00, 0x1f, 0x1b, 0x7e, 0x01, 0x3e, 0x36, 0xfc,
    0x02, 0x7c, 0x86, 0x23, 0x9a, 0xf1, 0x10, 0xbe, 0x22, 0x87, 0x40, 0x67,
    0x19, 0x98, 0x26, 0xb0, 0x6a, 0x1e, 0xe0, 0x63, 0xd5, 0x3c, 0xc0, 0xc7,
    0xaa, 0x79, 0x80, 0xcf, 0x88, 0xc1, 0x02, 0x80, 0x20, 0x18, 0x28, 0x3f,
    0xa2, 0x1f, 0x83, 0x10, 0x0c, 0x42, 0x30, 0x62, 0x60, 0x00, 0x20, 0x08,
    0x06, 0xcc, 0x8f, 0xe4, 0x47, 0x60, 0x41, 0x21, 0x1f, 0x13, 0x0a, 0xf9,
    0xd8, 0x50, 0xc8, 0x67, 0xc4, 0xe0, 0x00, 0x40, 0x10, 0x0c, 0xa6, 0x30,
    0x11, 0x11, 0xf6, 0xd8, 0x8f, 0xd1, 0x84, 0x60, 0x18, 0x31, 0x38, 0x00,
    0x10, 0x04, 0x03, 0x87, 0x4c, 0x40, 0x24, 0x80, 0x8f, 0x11, 0x83, 0x05,
    0x00, 0x41, 0x30, 0x50, 0xce, 0x44, 0x44, 0x54, 0x22, 0x25, 0x50, 0xc2,
    0x28, 0x88, 0x11, 0x83, 0x03, 0x00, 0x41, 0x30, 0x70, 0xcc, 0x44, 0x44,
    0x82, 0xf8, 0x18, 0x31, 0x38, 0x00, 0x10, 0x04, 0x03, 0xe7, 0x4c, 0xfa,
    0x23, 0x98, 0x8f, 0x11, 0x03, 0x03, 0x00, 0x41, 0x30, 0x60, 0xd2, 0xe4,
    0x3f, 0x02, 0x0b, 0x0a, 0xf9, 0x8c, 0x18, 0x18, 0x00, 0x08, 0x82, 0x01,
    0xb3, 0x26, 0x24, 0x12, 0x58, 0x30, 0x06, 0xf2, 0xb1, 0x60, 0x1e, 0xe0,
    0x33, 0x4b, 0xd0, 0x0c, 0x54, 0x0c, 0x02, 0x83, 0x1e, 0x8b, 0xd1, 0x43,
    0x9a, 0xc0, 0x60, 0xb8, 0x21, 0x20, 0x11, 0x32, 0x98, 0x65, 0x30, 0x9c,
    0x60, 0xa0, 0x62, 0xa0, 0x0f, 0xc3, 0x0e, 0x9a, 0x81, 0x8a, 0x81, 0x3e,
    0x0c, 0x3b, 0x68, 0x06, 0x2a, 0x06, 0xfa, 0x30, 0xec, 0xa0, 0x19, 0xa8,
    0x18, 0xe8, 0xc3, 0x60, 0x9a, 0xe1, 0x08, 0x95, 0x08, 0x11, 0xe1, 0x9b,
    0x65, 0x80, 0x9e, 0x60, 0xc4, 0xe0, 0x00, 0x40, 0x10, 0x0c, 0x26, 0x3a,
    0xa9, 0x91, 0xff, 0x50, 0x91, 0xd1, 0x84, 0x00, 0x18, 0x4d, 0x10, 0x82,
    0xd1, 0x84, 0x41, 0xb0, 0x21, 0x81, 0x8f, 0x0d, 0x09, 0x7c, 0x6c, 0x48,
    0xe0, 0x33, 0x4b, 0x00, 0x0d, 0x54, 0x0c, 0xc6, 0x03, 0x43, 0xce, 0x40,
    0xc5, 0x60, 0x3c, 0x32, 0xe4, 0x0c, 0x54, 0x0c, 0xc6, 0x43, 0x43, 0x8e,
    0x0d, 0xb1, 0x21, 0x1f, 0x1b, 0x62, 0x43, 0x3e, 0x36, 0xc4, 0x86, 0x7c,
    0x46, 0x0c, 0x0e, 0x00, 0x04, 0xc1, 0x60, 0x0a, 0x15, 0x31, 0x61, 0x91,
    0x1d, 0x19, 0x4d, 0x08, 0x80, 0xd1, 0x04, 0x21, 0x18, 0x4d, 0x18, 0x04,
    0x1b, 0x26, 0xf9, 0xd8, 0x40, 0xc9, 0xc7, 0x86, 0x4a, 0x3e, 0x36, 0x28,
    0xf0, 0xb1, 0x41, 0x81, 0x8f, 0x0d, 0x0a, 0x7c, 0xac, 0x34, 0xda, 0x22,
    0x3e, 0x26, 0x1a, 0x6d, 0x11, 0x1f, 0xfb, 0x8b, 0xb6, 0x88, 0x8f, 0x0d,
    0x83, 0x7c, 0x6c, 0x18, 0xe4, 0x63, 0x42, 0x00, 0x1f, 0x23, 0x08, 0xf9,
    0x98, 0x10, 0xc0, 0x67, 0xc4, 0xc0, 0x00, 0x40, 0x10, 0x0c, 0x98, 0x5a,
    0x61, 0x93, 0x60, 0xc4, 0xe0, 0x00, 0x40, 0x10, 0x0c, 0x26, 0x5a, 0xa9,
    0x93, 0x1f, 0xd9, 0x93, 0xd1, 0x84, 0x60, 0x18, 0x8e, 0x08, 0xc8, 0x44,
    0xf8, 0x86, 0x23, 0x04, 0x34, 0x21, 0xbe, 0x12, 0x02, 0x9d, 0x65, 0x88,
    0xa4, 0x60, 0x34, 0xa1, 0x08, 0x46, 0x13, 0x0c, 0xc0, 0x84, 0x20, 0x3e,
    0x23, 0x06, 0x07, 0x00, 0x82, 0x60, 0xe0, 0xf4, 0x4a, 0x9e, 0x04, 0x6c,
    0x62, 0x84, 0x12, 0x1f, 0x0b, 0x04, 0xfa, 0x8c, 0x18, 0x18, 0x00, 0x08,
    0x82, 0x01, 0x13, 0x2e, 0xb5, 0x12, 0x58, 0x9b, 0x04, 0xf1, 0x99, 0x25,
    0xb0, 0x86, 0x23, 0x18, 0x39, 0x11, 0xbe, 0xe1, 0x88, 0x26, 0x4e, 0x88,
    0xaf, 0x84, 0x40, 0x67, 0x19, 0x26, 0x2a, 0x18, 0x4d, 0x80, 0x04, 0x93,
    0xf0, 0x44, 0x3e, 0x16, 0x08, 0xf2, 0x19, 0x31, 0x30, 0x00, 0x10, 0x04,
    0x03, 0x26, 0x5d, 0x44, 0x25, 0xb0, 0x3a, 0x09, 0xe2, 0x33, 0x4b, 0x60,
    0x0d, 0x47, 0x50, 0x78, 0x22, 0x7c, 0xb3, 0x0c, 0x95, 0x15, 0x8c, 0x26,
    0x58, 0x82, 0x05, 0x98, 0x7c, 0x2c, 0x08, 0xe4, 0x63, 0x01, 0xa8, 0xc8,
    0x67, 0xc4, 0xc0, 0x00, 0x40, 0x10, 0x0c, 0x18, 0x78, 0x49, 0x95, 0xc0,
    0xf8, 0x24, 0x88, 0xcf, 0x2c, 0x81, 0x35, 0x50, 0x32, 0x80, 0x41, 0x04,
    0x4d, 0x42, 0x85, 0x4f, 0xd4, 0x88, 0x81, 0x01, 0x80, 0x20, 0x18, 0x30,
    0xf3, 0x72, 0x2e, 0xc1, 0x88, 0xc1, 0x01, 0x80, 0x20, 0x18, 0x4c, 0xf2,
    0x32, 0x2b, 0x7d, 0xa2, 0x2b, 0xa3, 0x09, 0x01, 0x30, 0x9a, 0x20, 0x04,
    0xa3, 0x09, 0x83, 0x30, 0x9a, 0x40, 0x0c, 0xa3, 0x09, 0x31, 0x22, 0x8c,
    0x26, 0xc8, 0xc8, 0x30, 0x62, 0x90, 0x00, 0x20, 0x08, 0x06, 0x48, 0xbf,
    0xac, 0x0b, 0xbd, 0xd0, 0x4b, 0xba, 0x80, 0xc9, 0x88, 0x41, 0x02, 0x80,
    0x20, 0x18, 0x20, 0xfd, 0xb2, 0x2e, 0xf4, 0x42, 0x2f, 0xe5, 0xc2, 0x23,
    0x23, 0x06, 0x09, 0x00, 0x82, 0x60, 0x80, 0xf4, 0xcb, 0xba, 0xd0, 0x0b,
    0xbd, 0x98, 0x0b, 0x8e, 0x8c, 0x18, 0x24, 0x00, 0x08, 0x82, 0x01, 0xd2,
    0x2f, 0xeb, 0x42, 0x2f, 0xf4, 0x82, 0x2e, 0x34, 0x32, 0x62, 0x90, 0x00,
    0x20, 0x08, 0x06, 0x48, 0xbf, 0xac, 0x4b, 0xbd, 0xd0, 0x4b, 0xba, 0xc4,
    0xc1, 0x88, 0x41, 0x02, 0x80, 0x20, 0x18, 0x20, 0xfd, 0xb2, 0x2e, 0xf5,
    0x42, 0x2f, 0xe5, 0x02, 0x07, 0x23, 0x06, 0x09, 0x00, 0x82, 0x60, 0x80,
    0xf4, 0xcb, 0xba, 0xd4, 0x0b, 0xbd, 0x98, 0xcb, 0x1b, 0x8c, 0x18, 0x24,
    0x00, 0x08, 0x82, 0x01, 0xd2, 0x2f, 0xeb, 0x52, 0x2f, 0xf4, 0x82, 0x2e,
    0x27, 0x32, 0x62, 0x90, 0x00, 0x20, 0x08, 0x06, 0x48, 0xbf, 0xac, 0x8b,
    0xbb, 0xd0, 0x4b, 0xba, 0x8c, 0xca, 0x88, 0x41, 0x02, 0x80, 0x20, 0x18,
    0x20, 0xfd, 0xb2, 0x2e, 0xee, 0x42, 0x2f, 0xe5, 0x22, 0x2a, 0x23, 0x06,
    0x09, 0x00, 0x82, 0x60, 0x80, 0xf4, 0xcb, 0xba, 0xc0, 0x0b, 0xbd, 0xa4,
    0x0b, 0x32, 0x62, 0x90, 0x00, 0x20, 0x08, 0x06, 0x48, 0xbf, 0xac, 0x0b,
    0xbb, 0xd0, 0x4b, 0xba, 0x18, 0x23, 0x06, 0x09, 0x00, 0x82, 0x60, 0x80,
    0xf4, 0xcb, 0xba, 0xb0, 0x0b, 0xbd, 0x94, 0x4b, 0x31, 0x62, 0x90, 0x00,
    0x20, 0x08, 0x06, 0x48, 0xbf, 0xac, 0x0b, 0xbb, 0xd0, 0x8b, 0xb9, 0x10,
    0x23, 0x06, 0x09, 0x00, 0x82, 0x60, 0x80, 0xf4, 0xcb, 0xba, 0xb0, 0x0b,
    0xbd, 0xa0, 0xcb, 0x30, 0x62, 0x90, 0x00, 0x20, 0x08, 0x06, 0x48, 0xbf,
    0xac, 0xcb, 0xba, 0xd0, 0x4b, 0xba, 0x08, 0x23, 0x06, 0x09, 0x00, 0x82,
    0x60, 0x80, 0xf4, 0xcb, 0xba, 0xac, 0x0b, 0xbd, 0x94, 0x4b, 0x80, 0x00,
    0x00, 0x00, 0x00, 0x00,
};
static const size_t kMeshVS_DXIL_size = sizeof(kMeshVS_DXIL);

static const uint8_t kMeshPS_DXIL[4724] = {
    0x44, 0x58, 0x42, 0x43, 0x79, 0x5d, 0x60, 0x8b, 0xee, 0xee, 0xd2, 0x50,
    0x53, 0x7f, 0x74, 0x4b, 0x42, 0xf9, 0x3d, 0x20, 0x01, 0x00, 0x00, 0x00,
    0x74, 0x12, 0x00, 0x00, 0x07, 0x00, 0x00, 0x00, 0x3c, 0x00, 0x00, 0x00,
    0x4c, 0x00, 0x00, 0x00, 0x38, 0x01, 0x00, 0x00, 0x74, 0x01, 0x00, 0x00,
    0xfc, 0x02, 0x00, 0x00, 0x30, 0x0a, 0x00, 0x00, 0x4c, 0x0a, 0x00, 0x00,
    0x53, 0x46, 0x49, 0x30, 0x08, 0x00, 0x00, 0x00, 0x00, 0x00, 0x00, 0x00,
    0x00, 0x00, 0x00, 0x00, 0x49, 0x53, 0x47, 0x31, 0xe4, 0x00, 0x00, 0x00,
    0x06, 0x00, 0x00, 0x00, 0x08, 0x00, 0x00, 0x00, 0x00, 0x00, 0x00, 0x00,
    0xc8, 0x00, 0x00, 0x00, 0x00, 0x00, 0x00, 0x00, 0x01, 0x00, 0x00, 0x00,
    0x03, 0x00, 0x00, 0x00, 0x00, 0x00, 0x00, 0x00, 0x0f, 0x00, 0x00, 0x00,
    0x00, 0x00, 0x00, 0x00, 0x00, 0x00, 0x00, 0x00, 0xd4, 0x00, 0x00, 0x00,
    0x00, 0x00, 0x00, 0x00, 0x00, 0x00, 0x00, 0x00, 0x03, 0x00, 0x00, 0x00,
    0x01, 0x00, 0x00, 0x00, 0x0f, 0x0f, 0x00, 0x00, 0x00, 0x00, 0x00, 0x00,
    0x00, 0x00, 0x00, 0x00, 0xda, 0x00, 0x00, 0x00, 0x00, 0x00, 0x00, 0x00,
    0x00, 0x00, 0x00, 0x00, 0x03, 0x00, 0x00, 0x00, 0x02, 0x00, 0x00, 0x00,
    0x03, 0x03, 0x00, 0x00, 0x00, 0x00, 0x00, 0x00, 0x00, 0x00, 0x00, 0x00,
    0xda, 0x00, 0x00, 0x00, 0x01, 0x00, 0x00, 0x00, 0x00, 0x00, 0x00, 0x00,
    0x03, 0x00, 0x00, 0x00, 0x02, 0x00, 0x00, 0x00, 0x04, 0x04, 0x00, 0x00,
    0x00, 0x00, 0x00, 0x00, 0x00, 0x00, 0x00, 0x00, 0xda, 0x00, 0x00, 0x00,
    0x02, 0x00, 0x00, 0x00, 0x00, 0x00, 0x00, 0x00, 0x03, 0x00, 0x00, 0x00,
    0x03, 0x00, 0x00, 0x00, 0x0f, 0x07, 0x00, 0x00, 0x00, 0x00, 0x00, 0x00,
    0x00, 0x00, 0x00, 0x00, 0xda, 0x00, 0x00, 0x00, 0x03, 0x00, 0x00, 0x00,
    0x00, 0x00, 0x00, 0x00, 0x03, 0x00, 0x00, 0x00, 0x04, 0x00, 0x00, 0x00,
    0x03, 0x03, 0x00, 0x00, 0x00, 0x00, 0x00, 0x00, 0x53, 0x56, 0x5f, 0x50,
    0x6f, 0x73, 0x69, 0x74, 0x69, 0x6f, 0x6e, 0x00, 0x43, 0x4f, 0x4c, 0x4f,
    0x52, 0x00, 0x54, 0x45, 0x58, 0x43, 0x4f, 0x4f, 0x52, 0x44, 0x00, 0x00,
    0x4f, 0x53, 0x47, 0x31, 0x34, 0x00, 0x00, 0x00, 0x01, 0x00, 0x00, 0x00,
    0x08, 0x00, 0x00, 0x00, 0x00, 0x00, 0x00, 0x00, 0x28, 0x00, 0x00, 0x00,
    0x00, 0x00, 0x00, 0x00, 0x40, 0x00, 0x00, 0x00, 0x03, 0x00, 0x00, 0x00,
    0x00, 0x00, 0x00, 0x00, 0x0f, 0x00, 0x00, 0x00, 0x00, 0x00, 0x00, 0x00,
    0x53, 0x56, 0x5f, 0x54, 0x61, 0x72, 0x67, 0x65, 0x74, 0x00, 0x00, 0x00,
    0x50, 0x53, 0x56, 0x30, 0x80, 0x01, 0x00, 0x00, 0x34, 0x00, 0x00, 0x00,
    0x00, 0x00, 0x00, 0x00, 0x00, 0x00, 0x00, 0x00, 0x00, 0x00, 0x00, 0x00,
    0x00, 0x00, 0x00, 0x00, 0x00, 0x00, 0x00, 0x00, 0xff, 0xff, 0xff, 0xff,
    0x00, 0x00, 0x00, 0x00, 0x06, 0x01, 0x00, 0x05, 0x01, 0x00, 0x00, 0x00,
    0x00, 0x00, 0x00, 0x00, 0x00, 0x00, 0x00, 0x00, 0x00, 0x00, 0x00, 0x00,
    0x2b, 0x00, 0x00, 0x00, 0x02, 0x00, 0x00, 0x00, 0x18, 0x00, 0x00, 0x00,
    0x01, 0x00, 0x00, 0x00, 0x02, 0x00, 0x00, 0x00, 0x00, 0x00, 0x00, 0x00,
    0x00, 0x00, 0x00, 0x00, 0x0e, 0x00, 0x00, 0x00, 0x00, 0x00, 0x00, 0x00,
    0x03, 0x00, 0x00, 0x00, 0x02, 0x00, 0x00, 0x00, 0x00, 0x00, 0x00, 0x00,
    0x00, 0x00, 0x00, 0x00, 0x02, 0x00, 0x00, 0x00, 0x00, 0x00, 0x00, 0x00,
    0x34, 0x00, 0x00, 0x00, 0x00, 0x43, 0x4f, 0x4c, 0x4f, 0x52, 0x00, 0x54,
    0x45, 0x58, 0x43, 0x4f, 0x4f, 0x52, 0x44, 0x00, 0x54, 0x45, 0x58, 0x43,
    0x4f, 0x4f, 0x52, 0x44, 0x00, 0x54, 0x45, 0x58, 0x43, 0x4f, 0x4f, 0x52,
    0x44, 0x00, 0x54, 0x45, 0x58, 0x43, 0x4f, 0x4f, 0x52, 0x44, 0x00, 0x50,
    0x53, 0x4d, 0x61, 0x69, 0x6e, 0x00, 0x00, 0x00, 0x04, 0x00, 0x00, 0x00,
    0x00, 0x00, 0x00, 0x00, 0x01, 0x00, 0x00, 0x00, 0x02, 0x00, 0x00, 0x00,
    0x03, 0x00, 0x00, 0x00, 0x10, 0x00, 0x00, 0x00, 0x00, 0x00, 0x00, 0x00,
    0x00, 0x00, 0x00, 0x00, 0x01, 0x00, 0x44, 0x03, 0x03, 0x04, 0x00, 0x00,
    0x01, 0x00, 0x00, 0x00, 0x00, 0x00, 0x00, 0x00, 0x01, 0x01, 0x44, 0x00,
    0x03, 0x02, 0x00, 0x00, 0x07, 0x00, 0x00, 0x00, 0x00, 0x00, 0x00, 0x00,
    0x01, 0x02, 0x42, 0x00, 0x03, 0x02, 0x00, 0x00, 0x10, 0x00, 0x00, 0x00,
    0x01, 0x00, 0x00, 0x00, 0x01, 0x02, 0x61, 0x00, 0x03, 0x02, 0x00, 0x00,
    0x19, 0x00, 0x00, 0x00, 0x02, 0x00, 0x00, 0x00, 0x01, 0x03, 0x44, 0x00,
    0x03, 0x02, 0x00, 0x00, 0x22, 0x00, 0x00, 0x00, 0x03, 0x00, 0x00, 0x00,
    0x01, 0x04, 0x42, 0x00, 0x03, 0x02, 0x00, 0x00, 0x00, 0x00, 0x00, 0x00,
    0x00, 0x00, 0x00, 0x00, 0x01, 0x00, 0x44, 0x10, 0x03, 0x00, 0x00, 0x00,
    0x00, 0x00, 0x00, 0x00, 0x00, 0x00, 0x00, 0x00, 0x00, 0x00, 0x00, 0x00,
    0x00, 0x00, 0x00, 0x00, 0x01, 0x00, 0x00, 0x00, 0x02, 0x00, 0x00, 0x00,
    0x04, 0x00, 0x00, 0x00, 0x08, 0x00, 0x00, 0x00, 0x0f, 0x00, 0x00, 0x00,
    0x0f, 0x00, 0x00, 0x00, 0x07, 0x00, 0x00, 0x00, 0x00, 0x00, 0x00, 0x00,
    0x01, 0x00, 0x00, 0x00, 0x02, 0x00, 0x00, 0x00, 0x04, 0x00, 0x00, 0x00,
    0x00, 0x00, 0x00, 0x00, 0x00, 0x00, 0x00, 0x00, 0x00, 0x00, 0x00, 0x00,
    0x00, 0x00, 0x00, 0x00, 0x00, 0x00, 0x00, 0x00, 0x53, 0x54, 0x41, 0x54,
    0x2c, 0x07, 0x00, 0x00, 0x60, 0x00, 0x00, 0x00, 0xcb, 0x01, 0x00, 0x00,
    0x44, 0x58, 0x49, 0x4c, 0x00, 0x01, 0x00, 0x00, 0x10, 0x00, 0x00, 0x00,
    0x14, 0x07, 0x00, 0x00, 0x42, 0x43, 0xc0, 0xde, 0x21, 0x0c, 0x00, 0x00,
    0xc2, 0x01, 0x00, 0x00, 0x0b, 0x82, 0x20, 0x00, 0x02, 0x00, 0x00, 0x00,
    0x13, 0x00, 0x00, 0x00, 0x07, 0x81, 0x23, 0x91, 0x41, 0xc8, 0x04, 0x49,
    0x06, 0x10, 0x32, 0x39, 0x92, 0x01, 0x84, 0x0c, 0x25, 0x05, 0x08, 0x19,
    0x1e, 0x04, 0x8b, 0x62, 0x80, 0x14, 0x45, 0x02, 0x42, 0x92, 0x0b, 0x42,
    0xa4, 0x10, 0x32, 0x14, 0x38, 0x08, 0x18, 0x4b, 0x0a, 0x32, 0x52, 0x88,
    0x48, 0x90, 0x14, 0x20, 0x43, 0x46, 0x88, 0xa5, 0x00, 0x19, 0x32, 0x42,
    0xe4, 0x48, 0x0e, 0x90, 0x91, 0x22, 0xc4, 0x50, 0x41, 0x51, 0x81, 0x8c,
    0xe1, 0x83, 0xe5, 0x8a, 0x04, 0x29, 0x46, 0x06, 0x51, 0x18, 0x00, 0x00,
    0x08, 0x00, 0x00, 0x00, 0x1b, 0x8c, 0xe0, 0xff, 0xff, 0xff, 0xff, 0x07,
    0x40, 0x02, 0xa8, 0x0d, 0x84, 0xf0, 0xff, 0xff, 0xff, 0xff, 0x03, 0x20,
    0x6d, 0x30, 0x86, 0xff, 0xff, 0xff, 0xff, 0x1f, 0x00, 0x09, 0xa8, 0x00,
    0x49, 0x18, 0x00, 0x00, 0x03, 0x00, 0x00, 0x00, 0x13, 0x82, 0x60, 0x42,
    0x20, 0x4c, 0x08, 0x06, 0x00, 0x00, 0x00, 0x00, 0x89, 0x20, 0x00, 0x00,
    0x44, 0x00, 0x00, 0x00, 0x32, 0x22, 0x48, 0x09, 0x20, 0x64, 0x85, 0x04,
    0x93, 0x22, 0xa4, 0x84, 0x04, 0x93, 0x22, 0xe3, 0x84, 0xa1, 0x90, 0x14,
    0x12, 0x4c, 0x8a, 0x8c, 0x0b, 0x84, 0xa4, 0x4c, 0x10, 0x70, 0x23, 0x00,
    0x25, 0x00, 0x14, 0x66, 0x00, 0xe6, 0x08, 0xc0, 0x60, 0x8e, 0x00, 0x29,
    0xc6, 0x20, 0x84, 0x14, 0x42, 0xa6, 0x18, 0x80, 0x10, 0x52, 0x06, 0xa1,
    0x39, 0x82, 0xa0, 0x0c, 0x80, 0x28, 0x5a, 0x37, 0x0d, 0x97, 0x3f, 0x61,
    0x0f, 0x21, 0xf9, 0x2b, 0x21, 0xad, 0xc4, 0xe4, 0x17, 0xb7, 0x8d, 0x8a,
    0x31, 0xc6, 0x20, 0x54, 0xee, 0x19, 0x2e, 0x7f, 0xc2, 0x1e, 0x42, 0xf2,
    0x43, 0xa0, 0x19, 0x16, 0x02, 0x05, 0xae, 0x30, 0x8d, 0xbc, 0x37, 0xc6,
    0x18, 0x84, 0x90, 0x41, 0xb0, 0x18, 0x8f, 0x14, 0x42, 0x14, 0xc9, 0x81,
    0x80, 0x61, 0x04, 0x62, 0x98, 0xa9, 0x0d, 0xc6, 0x81, 0x1d, 0xc2, 0x61,
    0x1e, 0xe6, 0xc1, 0x0d, 0x68, 0xa1, 0x1c, 0xf0, 0x81, 0x1e, 0xea, 0x41,
    0x1e, 0xca, 0x41, 0x0e, 0x48, 0x81, 0x0f, 0xec, 0xa1, 0x1c, 0xc6, 0x81,
    0x1e, 0xde, 0x41, 0x1e, 0xf8, 0xc0, 0x1c, 0xd8, 0xe1, 0x1d, 0xc2, 0x81,
    0x1e, 0xd8, 0x00, 0x0c, 0xe8, 0xc0, 0x0f, 0xc0, 0xc0, 0x0f, 0xf4, 0x40,
    0x0f, 0xda, 0x21, 0x1d, 0xe0, 0x61, 0x1e, 0x7e, 0x81, 0x1e, 0xf2, 0x01,
    0x1e, 0xca, 0x01, 0x05, 0x64, 0x26, 0x31, 0x18, 0x07, 0x76, 0x08, 0x87,
    0x79, 0x98, 0x07, 0x37, 0xa0, 0x85, 0x72, 0xc0, 0x07, 0x7a, 0xa8, 0x07,
    0x79, 0x28, 0x07, 0x39, 0x20, 0x05, 0x3e, 0xb0, 0x87, 0x72, 0x18, 0x07,
    0x7a, 0x78, 0x07, 0x79, 0xe0, 0x03, 0x73, 0x60, 0x87, 0x77, 0x08, 0x07,
    0x7a, 0x60, 0x03, 0x30, 0xa0, 0x03, 0x3f, 0x00, 0x03, 0x3f, 0x40, 0x42,
    0xb5, 0x74, 0x6f, 0x92, 0xa6, 0x88, 0x12, 0x26, 0x9f, 0x05, 0x98, 0x67,
    0x21, 0x22, 0x76, 0x02, 0x26, 0x02, 0x05, 0x84, 0x72, 0x52, 0x10, 0x00,
    0x13, 0x14, 0x72, 0xc0, 0x87, 0x74, 0x60, 0x87, 0x36, 0x68, 0x87, 0x79,
    0x68, 0x03, 0x72, 0xc0, 0x87, 0x0d, 0xaf, 0x50, 0x0e, 0x6d, 0xd0, 0x0e,
    0x7a, 0x50, 0x0e, 0x6d, 0x00, 0x0f, 0x7a, 0x30, 0x07, 0x72, 0xa0, 0x07,
    0x73, 0x20, 0x07, 0x6d, 0x90, 0x0e, 0x71, 0xa0, 0x07, 0x73, 0x20, 0x07,
    0x6d, 0x90, 0x0e, 0x78, 0xa0, 0x07, 0x73, 0x20, 0x07, 0x6d, 0x90, 0x0e,
    0x71, 0x60, 0x07, 0x7a, 0x30, 0x07, 0x72, 0xd0, 0x06, 0xe9, 0x30, 0x07,
    0x72, 0xa0, 0x07, 0x73, 0x20, 0x07, 0x6d, 0x90, 0x0e, 0x76, 0x40, 0x07,
    0x7a, 0x60, 0x07, 0x74, 0xd0, 0x06, 0xe6, 0x10, 0x07, 0x76, 0xa0, 0x07,
    0x73, 0x20, 0x07, 0x6d, 0x60, 0x0e, 0x73, 0x20, 0x07, 0x7a, 0x30, 0x07,
    0x72, 0xd0, 0x06, 0xe6, 0x60, 0x07, 0x74, 0xa0, 0x07, 0x76, 0x40, 0x07,
    0x6d, 0xe0, 0x0e, 0x78, 0xa0, 0x07, 0x71, 0x60, 0x07, 0x7a, 0x30, 0x07,
    0x72, 0xa0, 0x07, 0x76, 0x40, 0x07, 0x43, 0x9e, 0x00, 0x08, 0x00, 0x00,
    0x00, 0x00, 0x00, 0x00, 0x00, 0x00, 0x00, 0x86, 0x3c, 0x06, 0x10, 0x00,
    0x01, 0x00, 0x00, 0x00, 0x00, 0x00, 0x00, 0x00, 0x0c, 0x79, 0x10, 0x20,
    0x00, 0x04, 0x00, 0x00, 0x00, 0x00, 0x00, 0x00, 0x00, 0x18, 0xf2, 0x2c,
    0x40, 0x00, 0x08, 0x00, 0x00, 0x00, 0x00, 0x00, 0x00, 0x00, 0x30, 0xe4,
    0x81, 0x80, 0x00, 0x18, 0x00, 0x00, 0x00, 0x00, 0x00, 0x00, 0x00, 0x60,
    0xc8, 0x23, 0x01, 0x01, 0x30, 0x00, 0x00, 0x00, 0x00, 0x00, 0x00, 0x00,
    0x40, 0x16, 0x08, 0x00, 0x12, 0x00, 0x00, 0x00, 0x32, 0x1e, 0x98, 0x14,
    0x19, 0x11, 0x4c, 0x90, 0x8c, 0x09, 0x26, 0x47, 0xc6, 0x04, 0x43, 0x22,
    0x25, 0x30, 0x02, 0x50, 0x0c, 0x45, 0x50, 0x12, 0x65, 0x50, 0x1e, 0x85,
    0x50, 0x0e, 0xa5, 0x50, 0x56, 0x85, 0x41, 0xa5, 0x24, 0xca, 0xa0, 0x10,
    0x46, 0x00, 0x8a, 0xa0, 0x04, 0x0a, 0x84, 0xf0, 0x0c, 0x00, 0xe9, 0x19,
    0x00, 0xda, 0x63, 0x51, 0x12, 0x01, 0x00, 0x00, 0x10, 0x08, 0x04, 0xf2,
    0x3c, 0x07, 0x10, 0x08, 0x04, 0x00, 0x00, 0x00, 0x79, 0x18, 0x00, 0x00,
    0xa0, 0x00, 0x00, 0x00, 0x1a, 0x03, 0x4c, 0x90, 0x46, 0x02, 0x13, 0xc4,
    0x34, 0x20, 0xc3, 0x1b, 0x43, 0x81, 0x93, 0x4b, 0xb3, 0x0b, 0xa3, 0x2b,
    0x4b, 0x01, 0x89, 0x71, 0xc9, 0x71, 0x81, 0x71, 0xa9, 0xa1, 0x81, 0x91,
    0x01, 0x41, 0x81, 0x21, 0x9b, 0x29, 0x2b, 0xb3, 0x11, 0xab, 0xa9, 0x69,
    0x21, 0x4b, 0x93, 0xa3, 0xcb, 0x4b, 0xd9, 0x10, 0x04, 0x13, 0x04, 0xc2,
    0x98, 0x20, 0x10, 0xc7, 0x06, 0x61, 0x20, 0x36, 0x08, 0x04, 0x41, 0x01,
    0x6e, 0x6e, 0x82, 0x40, 0x20, 0x1b, 0x86, 0x03, 0x21, 0x26, 0x08, 0x58,
    0xc6, 0xa3, 0xa9, 0x6c, 0x0e, 0x8d, 0xaa, 0x0c, 0x6f, 0x82, 0x40, 0x24,
    0x13, 0x04, 0x42, 0xd9, 0x20, 0x10, 0xcd, 0x86, 0x84, 0x50, 0x16, 0x86,
    0x18, 0x18, 0xc2, 0xd9, 0x10, 0x3c, 0x13, 0x04, 0x4d, 0x23, 0xd2, 0x54,
    0x36, 0x87, 0x36, 0x15, 0xd6, 0x06, 0xb7, 0x01, 0x21, 0x22, 0x89, 0x21,
    0x06, 0x02, 0xd8, 0x10, 0x4c, 0x1b, 0x08, 0x08, 0x00, 0xa8, 0x09, 0x82,
    0x00, 0x6c, 0x00, 0x36, 0x0c, 0xc4, 0x75, 0x6d, 0x08, 0xb0, 0x0d, 0xc3,
    0x60, 0x65, 0x13, 0x84, 0x6d, 0xdb, 0x10, 0x6c, 0x34, 0xa0, 0xa6, 0x9a,
    0xc2, 0xd2, 0xdc, 0xb8, 0x4c, 0x59, 0x7d, 0x41, 0xbd, 0xcd, 0xa5, 0xd1,
    0xa5, 0xbd, 0xb9, 0x4d, 0x10, 0x0a, 0x69, 0x82, 0x50, 0x4c, 0x1b, 0x02,
    0x62, 0x82, 0x50, 0x50, 0x13, 0x84, 0xa2, 0xda, 0xb0, 0x10, 0xde, 0x07,
    0x06, 0x61, 0x20, 0x06, 0x83, 0x18, 0x10, 0x63, 0x00, 0xb0, 0x18, 0x7a,
    0x62, 0x7a, 0x92, 0x9a, 0x20, 0x14, 0xd6, 0x04, 0x81, 0x58, 0x26, 0x08,
    0x04, 0xb3, 0x41, 0x38, 0x03, 0x34, 0xd8, 0xb0, 0x0c, 0x65, 0xf0, 0x8d,
    0x41, 0x18, 0x98, 0xc1, 0x20, 0x06, 0xc3, 0x18, 0xa4, 0x01, 0x11, 0xaa,
    0x22, 0xac, 0xa1, 0xa7, 0x27, 0x29, 0xa2, 0x0d, 0xc2, 0x19, 0x9c, 0xc1,
    0x86, 0x85, 0x59, 0x83, 0x6f, 0x0c, 0xc2, 0xc0, 0x0c, 0x06, 0x33, 0x60,
    0xc6, 0x80, 0x0d, 0x36, 0x04, 0xc3, 0x04, 0xa1, 0xb8, 0x36, 0x08, 0x67,
    0x30, 0x6c, 0x58, 0xce, 0x60, 0x0d, 0xbe, 0x31, 0x70, 0x03, 0x33, 0x18,
    0xde, 0x80, 0x31, 0x03, 0x38, 0x98, 0x20, 0x10, 0xcd, 0x86, 0x80, 0x99,
    0x20, 0x10, 0xce, 0x06, 0xe1, 0x0c, 0xe8, 0x60, 0xc3, 0x22, 0x07, 0x6b,
    0xf0, 0x8d, 0xc1, 0x1c, 0x98, 0xc1, 0x20, 0x06, 0x67, 0x30, 0x06, 0x75,
    0x30, 0x41, 0x20, 0x9e, 0x0d, 0xc1, 0x19, 0x6c, 0x58, 0xee, 0x60, 0x0d,
    0xbe, 0x31, 0xc0, 0x03, 0x33, 0x18, 0xcc, 0x40, 0x0e, 0xc6, 0x80, 0x0d,
    0x36, 0x18, 0x64, 0xa0, 0x06, 0x6d, 0x10, 0x07, 0x76, 0x90, 0x07, 0x4c,
    0xa6, 0xac, 0xbe, 0xa8, 0xc2, 0xe4, 0xce, 0xca, 0xe8, 0x26, 0x08, 0x05,
    0xb6, 0x61, 0x21, 0xf6, 0xe0, 0xe3, 0x83, 0x30, 0x18, 0x83, 0x41, 0x0c,
    0x88, 0x31, 0x48, 0x83, 0x0d, 0x41, 0x1f, 0x6c, 0x18, 0xf4, 0xc0, 0x0f,
    0x80, 0x0d, 0x85, 0xd5, 0xfd, 0x41, 0x05, 0x10, 0x11, 0x93, 0x0b, 0x73,
    0x1b, 0x43, 0x2b, 0x9b, 0xa3, 0x61, 0xc6, 0xf6, 0x16, 0x46, 0x37, 0xc7,
    0x22, 0xcd, 0x6d, 0x8e, 0x6e, 0x6e, 0x82, 0x40, 0x40, 0x34, 0xe6, 0xd2,
    0xce, 0xbe, 0xd8, 0xc8, 0x26, 0x08, 0x44, 0x44, 0x63, 0x2e, 0xed, 0xec,
    0x6b, 0x8e, 0x8e, 0x08, 0x5d, 0x19, 0xde, 0x97, 0xdb, 0x9b, 0x5c, 0x1b,
    0x8b, 0xba, 0x34, 0x37, 0xba, 0xb9, 0x0d, 0x4e, 0x28, 0x0c, 0xa2, 0x80,
    0x06, 0xa3, 0x40, 0x0a, 0xa5, 0x60, 0x0a, 0xa7, 0x20, 0x07, 0xa8, 0x30,
    0xa4, 0xc2, 0x50, 0x85, 0x8d, 0xcd, 0xae, 0xcd, 0x25, 0x8d, 0xac, 0xcc,
    0x8d, 0x6e, 0x4a, 0x10, 0x54, 0x21, 0xc3, 0x73, 0xb1, 0x2b, 0x93, 0x9b,
    0x4b, 0x7b, 0x73, 0x9b, 0x12, 0x10, 0x4d, 0xc8, 0xf0, 0x5c, 0xec, 0xc2,
    0xd8, 0xec, 0xca, 0xe4, 0xa6, 0x04, 0x45, 0x1d, 0x32, 0x3c, 0x97, 0x39,
    0xb4, 0x30, 0xb2, 0x32, 0xb9, 0xa6, 0x37, 0xb2, 0x32, 0xb6, 0x29, 0x01,
    0x52, 0x86, 0x0c, 0xcf, 0x45, 0xae, 0x6c, 0xee, 0xad, 0x4e, 0x6e, 0xac,
    0x6c, 0x6e, 0x4a, 0x40, 0x55, 0x22, 0xc3, 0x73, 0xa1, 0xcb, 0x83, 0x2b,
    0x0b, 0x72, 0x73, 0x7b, 0xa3, 0x0b, 0xa3, 0x4b, 0x7b, 0x73, 0x9b, 0x9b,
    0x12, 0x64, 0x75, 0xc8, 0xf0, 0x5c, 0xec, 0xd2, 0xca, 0xee, 0x92, 0xc8,
    0xa6, 0xe8, 0xc2, 0xe8, 0xca, 0xa6, 0x04, 0x5b, 0x1d, 0x32, 0x3c, 0x97,
    0x32, 0x37, 0x3a, 0xb9, 0x3c, 0xa8, 0xb7, 0x34, 0x37, 0xba, 0xb9, 0x29,
    0xc1, 0x1f, 0x74, 0x21, 0xc3, 0x73, 0x19, 0x7b, 0xab, 0x73, 0xa3, 0x2b,
    0x93, 0x9b, 0x9b, 0x12, 0xa4, 0x02, 0x00, 0x00, 0x79, 0x18, 0x00, 0x00,
    0x51, 0x00, 0x00, 0x00, 0x33, 0x08, 0x80, 0x1c, 0xc4, 0xe1, 0x1c, 0x66,
    0x14, 0x01, 0x3d, 0x88, 0x43, 0x38, 0x84, 0xc3, 0x8c, 0x42, 0x80, 0x07,
    0x79, 0x78, 0x07, 0x73, 0x98, 0x71, 0x0c, 0xe6, 0x00, 0x0f, 0xed, 0x10,
    0x0e, 0xf4, 0x80, 0x0e, 0x33, 0x0c, 0x42, 0x1e, 0xc2, 0xc1, 0x1d, 0xce,
    0xa1, 0x1c, 0x66, 0x30, 0x05, 0x3d, 0x88, 0x43, 0x38, 0x84, 0x83, 0x1b,
    0xcc, 0x03, 0x3d, 0xc8, 0x43, 0x3d, 0x8c, 0x03, 0x3d, 0xcc, 0x78, 0x8c,
    0x74, 0x70, 0x07, 0x7b, 0x08, 0x07, 0x79, 0x48, 0x87, 0x70, 0x70, 0x07,
    0x7a, 0x70, 0x03, 0x76, 0x78, 0x87, 0x70, 0x20, 0x87, 0x19, 0xcc, 0x11,
    0x0e, 0xec, 0x90, 0x0e, 0xe1, 0x30, 0x0f, 0x6e, 0x30, 0x0f, 0xe3, 0xf0,
    0x0e, 0xf0, 0x50, 0x0e, 0x33, 0x10, 0xc4, 0x1d, 0xde, 0x21, 0x1c, 0xd8,
    0x21, 0x1d, 0xc2, 0x61, 0x1e, 0x66, 0x30, 0x89, 0x3b, 0xbc, 0x83, 0x3b,
    0xd0, 0x43, 0x39, 0xb4, 0x03, 0x3c, 0xbc, 0x83, 0x3c, 0x84, 0x03, 0x3b,
    0xcc, 0xf0, 0x14, 0x76, 0x60, 0x07, 0x7b, 0x68, 0x07, 0x37, 0x68, 0x87,
    0x72, 0x68, 0x07, 0x37, 0x80, 0x87, 0x70, 0x90, 0x87, 0x70, 0x60, 0x07,
    0x76, 0x28, 0x07, 0x76, 0xf8, 0x05, 0x76, 0x78, 0x87, 0x77, 0x80, 0x87,
    0x5f, 0x08, 0x87, 0x71, 0x18, 0x87, 0x72, 0x98, 0x87, 0x79, 0x98, 0x81,
    0x2c, 0xee, 0xf0, 0x0e, 0xee, 0xe0, 0x0e, 0xf5, 0xc0, 0x0e, 0xec, 0x30,
    0x03, 0x62, 0xc8, 0xa1, 0x1c, 0xe4, 0xa1, 0x1c, 0xcc, 0xa1, 0x1c, 0xe4,
    0xa1, 0x1c, 0xdc, 0x61, 0x1c, 0xca, 0x21, 0x1c, 0xc4, 0x81, 0x1d, 0xca,
    0x61, 0x06, 0xd6, 0x90, 0x43, 0x39, 0xc8, 0x43, 0x39, 0x98, 0x43, 0x39,
    0xc8, 0x43, 0x39, 0xb8, 0xc3, 0x38, 0x94, 0x43, 0x38, 0x88, 0x03, 0x3b,
    0x94, 0xc3, 0x2f, 0xbc, 0x83, 0x3c, 0xfc, 0x82, 0x3b, 0xd4, 0x03, 0x3b,
    0xb0, 0xc3, 0x0c, 0xc4, 0x21, 0x07, 0x7c, 0x70, 0x03, 0x7a, 0x28, 0x87,
    0x76, 0x80, 0x87, 0x19, 0xd1, 0x43, 0x0e, 0xf8, 0xe0, 0x06, 0xe4, 0x20,
    0x0e, 0xe7, 0xe0, 0x06, 0xf6, 0x10, 0x0e, 0xf2, 0xc0, 0x0e, 0xe1, 0x90,
    0x0f, 0xef, 0x50, 0x0f, 0xf4, 0x30, 0x83, 0x81, 0xc8, 0x01, 0x1f, 0xdc,
    0x40, 0x1c, 0xe4, 0xa1, 0x1c, 0xc2, 0x61, 0x1d, 0xdc, 0x40, 0x1c, 0xe4,
    0x01, 0x00, 0x00, 0x00, 0x71, 0x20, 0x00, 0x00, 0x15, 0x00, 0x00, 0x00,
    0x06, 0x60, 0xa4, 0xac, 0x09, 0x20, 0x8d, 0x15, 0x48, 0xc3, 0xe5, 0x3b,
    0x8f, 0x2f, 0x44, 0x04, 0x30, 0x11, 0x21, 0xd0, 0x0c, 0x0b, 0x61, 0x03,
    0xcd, 0x70, 0xf9, 0xce, 0xe3, 0x0f, 0x88, 0x24, 0x00, 0xd1, 0x60, 0x01,
    0xd3, 0x70, 0xf9, 0xce, 0xe3, 0x2f, 0x0e, 0x30, 0x88, 0xcd, 0x43, 0x4d,
    0x7e, 0x71, 0xdb, 0x46, 0x00, 0x0d, 0x97, 0xef, 0x3c, 0xbe, 0x04, 0x30,
    0xcf, 0x42, 0xf8, 0xc5, 0x6d, 0x9b, 0x40, 0x35, 0x5c, 0xbe, 0xf3, 0xf8,
    0xd2, 0xe4, 0x44, 0x04, 0x4a, 0x4d, 0x0f, 0x35, 0xf9, 0xc5, 0x6d, 0x03,
    0x00, 0x00, 0x00, 0x00, 0x48, 0x41, 0x53, 0x48, 0x14, 0x00, 0x00, 0x00,
    0x00, 0x00, 0x00, 0x00, 0x72, 0xd7, 0x51, 0x3f, 0xb6, 0x43, 0xea, 0xf3,
    0x74, 0x8e, 0x02, 0x23, 0x7e, 0x97, 0xfb, 0xe8, 0x44, 0x58, 0x49, 0x4c,
    0x20, 0x08, 0x00, 0x00, 0x60, 0x00, 0x00, 0x00, 0x08, 0x02, 0x00, 0x00,
    0x44, 0x58, 0x49, 0x4c, 0x00, 0x01, 0x00, 0x00, 0x10, 0x00, 0x00, 0x00,
    0x08, 0x08, 0x00, 0x00, 0x42, 0x43, 0xc0, 0xde, 0x21, 0x0c, 0x00, 0x00,
    0xff, 0x01, 0x00, 0x00, 0x0b, 0x82, 0x20, 0x00, 0x02, 0x00, 0x00, 0x00,
    0x13, 0x00, 0x00, 0x00, 0x07, 0x81, 0x23, 0x91, 0x41, 0xc8, 0x04, 0x49,
    0x06, 0x10, 0x32, 0x39, 0x92, 0x01, 0x84, 0x0c, 0x25, 0x05, 0x08, 0x19,
    0x1e, 0x04, 0x8b, 0x62, 0x80, 0x14, 0x45, 0x02, 0x42, 0x92, 0x0b, 0x42,
    0xa4, 0x10, 0x32, 0x14, 0x38, 0x08, 0x18, 0x4b, 0x0a, 0x32, 0x52, 0x88,
    0x48, 0x90, 0x14, 0x20, 0x43, 0x46, 0x88, 0xa5, 0x00, 0x19, 0x32, 0x42,
    0xe4, 0x48, 0x0e, 0x90, 0x91, 0x22, 0xc4, 0x50, 0x41, 0x51, 0x81, 0x8c,
    0xe1, 0x83, 0xe5, 0x8a, 0x04, 0x29, 0x46, 0x06, 0x51, 0x18, 0x00, 0x00,
    0x08, 0x00, 0x00, 0x00, 0x1b, 0x8c, 0xe0, 0xff, 0xff, 0xff, 0xff, 0x07,
    0x40, 0x02, 0xa8, 0x0d, 0x84, 0xf0, 0xff, 0xff, 0xff, 0xff, 0x03, 0x20,
    0x6d, 0x30, 0x86, 0xff, 0xff, 0xff, 0xff, 0x1f, 0x00, 0x09, 0xa8, 0x00,
    0x49, 0x18, 0x00, 0x00, 0x03, 0x00, 0x00, 0x00, 0x13, 0x82, 0x60, 0x42,
    0x20, 0x4c, 0x08, 0x06, 0x00, 0x00, 0x00, 0x00, 0x89, 0x20, 0x00, 0x00,
    0x45, 0x00, 0x00, 0x00, 0x32, 0x22, 0x48, 0x09, 0x20, 0x64, 0x85, 0x04,
    0x93, 0x22, 0xa4, 0x84, 0x04, 0x93, 0x22, 0xe3, 0x84, 0xa1, 0x90, 0x14,
    0x12, 0x4c, 0x8a, 0x8c, 0x0b, 0x84, 0xa4, 0x4c, 0x10, 0x74, 0x23, 0x00,
    0x25, 0x00, 0x14, 0x66, 0x00, 0xe6, 0x08, 0xc0, 0x60, 0x8e, 0x00, 0x29,
    0xc6, 0x20, 0x84, 0x14, 0x42, 0xa6, 0x18, 0x80, 0x10, 0x52, 0x06, 0xa1,
    0x39, 0x82, 0xa0, 0x0c, 0x80, 0x28, 0x5a, 0x37, 0x0d, 0x97, 0x3f, 0x61,
    0x0f, 0x21, 0xf9, 0x2b, 0x21, 0xad, 0xc4, 0xe4, 0x17, 0xb7, 0x8d, 0x8a,
    0x31, 0xc6, 0x20, 0x54, 0xee, 0x19, 0x2e, 0x7f, 0xc2, 0x1e, 0x42, 0xf2,
    0x43, 0xa0, 0x19, 0x16, 0x02, 0x05, 0xae, 0x30, 0x8d, 0xbc, 0x37, 0xc6,
    0x18, 0x84, 0x90, 0x41, 0xb0, 0x18, 0x8f, 0x14, 0x42, 0x14, 0xc9, 0x81,
    0x80, 0x61, 0x04, 0x62, 0x98, 0xa9, 0x0d, 0xc6, 0x81, 0x1d, 0xc2, 0x61,
    0x1e, 0xe6, 0xc1, 0x0d, 0x68, 0xa1, 0x1c, 0xf0, 0x81, 0x1e, 0xea, 0x41,
    0x1e, 0xca, 0x41, 0x0e, 0x48, 0x81, 0x0f, 0xec, 0xa1, 0x1c, 0xc6, 0x81,
    0x1e, 0xde, 0x41, 0x1e, 0xf8, 0xc0, 0x1c, 0xd8, 0xe1, 0x1d, 0xc2, 0x81,
    0x1e, 0xd8, 0x00, 0x0c, 0xe8, 0xc0, 0x0f, 0xc0, 0xc0, 0x0f, 0xf4, 0x40,
    0x0f, 0xda, 0x21, 0x1d, 0xe0, 0x61, 0x1e, 0x7e, 0x81, 0x1e, 0xf2, 0x01,
    0x1e, 0xca, 0x01, 0x05, 0x64, 0x26, 0x31, 0x18, 0x07, 0x76, 0x08, 0x87,
    0x79, 0x98, 0x07, 0x37, 0xa0, 0x85, 0x72, 0xc0, 0x07, 0x7a, 0xa8, 0x07,
    0x79, 0x28, 0x07, 0x39, 0x20, 0x05, 0x3e, 0xb0, 0x87, 0x72, 0x18, 0x07,
    0x7a, 0x78, 0x07, 0x79, 0xe0, 0x03, 0x73, 0x60, 0x87, 0x77, 0x08, 0x07,
    0x7a, 0x60, 0x03, 0x30, 0xa0, 0x03, 0x3f, 0x00, 0x03, 0x3f, 0x40, 0x42,
    0xb5, 0x74, 0x6f, 0x92, 0xa6, 0x88, 0x12, 0x26, 0x9f, 0x05, 0x98, 0x67,
    0x21, 0x22, 0x76, 0x02, 0x26, 0x02, 0x05, 0x84, 0x72, 0x52, 0x90, 0x29,
    0x00, 0x00, 0x00, 0x00, 0x13, 0x14, 0x72, 0xc0, 0x87, 0x74, 0x60, 0x87,
    0x36, 0x68, 0x87, 0x79, 0x68, 0x03, 0x72, 0xc0, 0x87, 0x0d, 0xaf, 0x50,
    0x0e, 0x6d, 0xd0, 0x0e, 0x7a, 0x50, 0x0e, 0x6d, 0x00, 0x0f, 0x7a, 0x30,
    0x07, 0x72, 0xa0, 0x07, 0x73, 0x20, 0x07, 0x6d, 0x90, 0x0e, 0x71, 0xa0,
    0x07, 0x73, 0x20, 0x07, 0x6d, 0x90, 0x0e, 0x78, 0xa0, 0x07, 0x73, 0x20,
    0x07, 0x6d, 0x90, 0x0e, 0x71, 0x60, 0x07, 0x7a, 0x30, 0x07, 0x72, 0xd0,
    0x06, 0xe9, 0x30, 0x07, 0x72, 0xa0, 0x07, 0x73, 0x20, 0x07, 0x6d, 0x90,
    0x0e, 0x76, 0x40, 0x07, 0x7a, 0x60, 0x07, 0x74, 0xd0, 0x06, 0xe6, 0x10,
    0x07, 0x76, 0xa0, 0x07, 0x73, 0x20, 0x07, 0x6d, 0x60, 0x0e, 0x73, 0x20,
    0x07, 0x7a, 0x30, 0x07, 0x72, 0xd0, 0x06, 0xe6, 0x60, 0x07, 0x74, 0xa0,
    0x07, 0x76, 0x40, 0x07, 0x6d, 0xe0, 0x0e, 0x78, 0xa0, 0x07, 0x71, 0x60,
    0x07, 0x7a, 0x30, 0x07, 0x72, 0xa0, 0x07, 0x76, 0x40, 0x07, 0x43, 0x9e,
    0x00, 0x00, 0x00, 0x00, 0x00, 0x00, 0x00, 0x00, 0x00, 0x00, 0x00, 0x86,
    0x3c, 0x06, 0x10, 0x00, 0x01, 0x00, 0x00, 0x00, 0x00, 0x00, 0x00, 0x00,
    0x0c, 0x79, 0x10, 0x20, 0x00, 0x04, 0x00, 0x00, 0x00, 0x00, 0x00, 0x00,
    0x00, 0x18, 0xf2, 0x2c, 0x40, 0x00, 0x08, 0x00, 0x00, 0x00, 0x00, 0x00,
    0x00, 0x00, 0x30, 0xe4, 0x81, 0x80, 0x00, 0x18, 0x00, 0x00, 0x00, 0x00,
    0x00, 0x00, 0x00, 0x60, 0xc8, 0x23, 0x01, 0x01, 0x30, 0x00, 0x00, 0x00,
    0x00, 0x00, 0x00, 0x00, 0x40, 0x16, 0x08, 0x00, 0x12, 0x00, 0x00, 0x00,
    0x32, 0x1e, 0x98, 0x14, 0x19, 0x11, 0x4c, 0x90, 0x8c, 0x09, 0x26, 0x47,
    0xc6, 0x04, 0x43, 0x22, 0x25, 0x30, 0x02, 0x50, 0x12, 0xc5, 0x50, 0x04,
    0x65, 0x50, 0x1e, 0x85, 0x50, 0x0e, 0xa5, 0x40, 0xa5, 0x24, 0xca, 0xa0,
    0x10, 0x46, 0x00, 0x8a, 0xa0, 0x04, 0x0a, 0x84, 0xf0, 0x0c, 0x00, 0xe9,
    0x19, 0x00, 0xda, 0x63, 0x51, 0x12, 0x01, 0x00, 0x00, 0x10, 0x08, 0x04,
    0xf2, 0x3c, 0x07, 0x10, 0x08, 0x04, 0x00, 0x00, 0x00, 0x00, 0x00, 0x00,
    0x79, 0x18, 0x00, 0x00, 0x77, 0x00, 0x00, 0x00, 0x1a, 0x03, 0x4c, 0x90,
    0x46, 0x02, 0x13, 0xc4, 0x34, 0x20, 0xc3, 0x1b, 0x43, 0x81, 0x93, 0x4b,
    0xb3, 0x0b, 0xa3, 0x2b, 0x4b, 0x01, 0x89, 0x71, 0xc9, 0x71, 0x81, 0x71,
    0xa9, 0xa1, 0x81, 0x91, 0x01, 0x41, 0x81, 0x21, 0x9b, 0x29, 0x2b, 0xb3,
    0x11, 0xab, 0xa9, 0x69, 0x21, 0x4b, 0x93, 0xa3, 0xcb, 0x4b, 0xd9, 0x10,
    0x04, 0x13, 0x04, 0xc2, 0x98, 0x20, 0x10, 0xc7, 0x06, 0x61, 0x20, 0x26,
    0x08, 0x04, 0xb2, 0x41, 0x18, 0x0c, 0x0a, 0x70, 0x73, 0x13, 0x04, 0x22,
    0xd9, 0x30, 0x20, 0x09, 0x31, 0x41, 0xc0, 0x2e, 0x02, 0x13, 0x04, 0x42,
    0xd9, 0x20, 0x10, 0xc6, 0x86, 0x84, 0x58, 0x98, 0x86, 0x18, 0x1a, 0xc2,
    0xd9, 0x10, 0x3c, 0x13, 0x04, 0x0d, 0xdb, 0x80, 0x10, 0x11, 0xd3, 0x10,
    0x03, 0x01, 0x6c, 0x08, 0xa4, 0x0d, 0x04, 0x04, 0x00, 0xd3, 0x04, 0x61,
    0xcb, 0x36, 0x04, 0xd5, 0x04, 0x41, 0x00, 0x68, 0x40, 0x4d, 0x35, 0x85,
    0xa5, 0xb9, 0x71, 0x99, 0xb2, 0xfa, 0x82, 0x7a, 0x9b, 0x4b, 0xa3, 0x4b,
    0x7b, 0x73, 0x9b, 0x20, 0x14, 0xd0, 0x04, 0xa1, 0x88, 0x36, 0x04, 0xc4,
    0x04, 0xa1, 0x90, 0x26, 0x08, 0xc5, 0xb4, 0x61, 0x21, 0x32, 0x6d, 0xe3,
    0xba, 0xa1, 0x23, 0x3c, 0x80, 0xc5, 0xd0, 0x13, 0xd3, 0x93, 0xd4, 0x04,
    0xa1, 0xa0, 0x26, 0x08, 0xc4, 0x32, 0x41, 0x20, 0x98, 0x0d, 0x82, 0x18,
    0x8c, 0xc1, 0x86, 0x65, 0x00, 0x03, 0xcd, 0xe3, 0xc2, 0x60, 0xe8, 0x06,
    0x8f, 0x0c, 0x88, 0x50, 0x15, 0x61, 0x0d, 0x3d, 0x3d, 0x49, 0x11, 0x6d,
    0x10, 0xc4, 0x40, 0x0c, 0x36, 0x2c, 0x8d, 0x19, 0x68, 0x1e, 0x17, 0x06,
    0x43, 0x18, 0x34, 0xde, 0x19, 0x6c, 0x08, 0x86, 0x09, 0x42, 0x51, 0x6d,
    0x10, 0xc4, 0x60, 0xd8, 0xb0, 0x88, 0x81, 0x19, 0x68, 0x5e, 0x1a, 0x84,
    0xc1, 0xa0, 0x06, 0x4d, 0x18, 0xac, 0xc1, 0x04, 0x81, 0x68, 0x36, 0x04,
    0xcd, 0x04, 0x81, 0x70, 0x36, 0x08, 0x62, 0xf0, 0x06, 0x1b, 0x96, 0x36,
    0x30, 0x03, 0xcd, 0x73, 0x83, 0x30, 0x18, 0x3a, 0x31, 0xf0, 0xe0, 0x60,
    0x82, 0x40, 0x3c, 0x1b, 0x02, 0x31, 0xd8, 0xb0, 0xc8, 0x81, 0x19, 0x68,
    0xde, 0x1c, 0x84, 0xc1, 0x10, 0x06, 0x6d, 0xe0, 0x9d, 0xc1, 0x06, 0xe3,
    0x2b, 0x03, 0x34, 0x60, 0x83, 0x38, 0xa0, 0x03, 0x26, 0x53, 0x56, 0x5f,
    0x54, 0x61, 0x72, 0x67, 0x65, 0x74, 0x13, 0x84, 0xc2, 0xda, 0xb0, 0x10,
    0x76, 0xa0, 0xdd, 0x01, 0xe7, 0x0d, 0x1d, 0xe1, 0x91, 0xc1, 0x86, 0x00,
    0x0f, 0x36, 0x0c, 0x75, 0x90, 0x07, 0xc0, 0x86, 0xe2, 0xc2, 0xf4, 0x80,
    0x02, 0xaa, 0xb0, 0xb1, 0xd9, 0xb5, 0xb9, 0xa4, 0x91, 0x95, 0xb9, 0xd1,
    0x4d, 0x09, 0x82, 0x2a, 0x64, 0x78, 0x2e, 0x76, 0x65, 0x72, 0x73, 0x69,
    0x6f, 0x6e, 0x53, 0x02, 0xa2, 0x09, 0x19, 0x9e, 0x8b, 0x5d, 0x18, 0x9b,
    0x5d, 0x99, 0xdc, 0x94, 0xc0, 0xa8, 0x43, 0x86, 0xe7, 0x32, 0x87, 0x16,
    0x46, 0x56, 0x26, 0xd7, 0xf4, 0x46, 0x56, 0xc6, 0x36, 0x25, 0x48, 0xca,
    0x90, 0xe1, 0xb9, 0xc8, 0x95, 0xcd, 0xbd, 0xd5, 0xc9, 0x8d, 0x95, 0xcd,
    0x4d, 0x09, 0xa6, 0x3a, 0x64, 0x78, 0x2e, 0x76, 0x69, 0x65, 0x77, 0x49,
    0x64, 0x53, 0x74, 0x61, 0x74, 0x65, 0x53, 0x82, 0xaa, 0x0e, 0x19, 0x9e,
    0x4b, 0x99, 0x1b, 0x9d, 0x5c, 0x1e, 0xd4, 0x5b, 0x9a, 0x1b, 0xdd, 0xdc,
    0x94, 0x40, 0x0f, 0x00, 0x79, 0x18, 0x00, 0x00, 0x51, 0x00, 0x00, 0x00,
    0x33, 0x08, 0x80, 0x1c, 0xc4, 0xe1, 0x1c, 0x66, 0x14, 0x01, 0x3d, 0x88,
    0x43, 0x38, 0x84, 0xc3, 0x8c, 0x42, 0x80, 0x07, 0x79, 0x78, 0x07, 0x73,
    0x98, 0x71, 0x0c, 0xe6, 0x00, 0x0f, 0xed, 0x10, 0x0e, 0xf4, 0x80, 0x0e,
    0x33, 0x0c, 0x42, 0x1e, 0xc2, 0xc1, 0x1d, 0xce, 0xa1, 0x1c, 0x66, 0x30,
    0x05, 0x3d, 0x88, 0x43, 0x38, 0x84, 0x83, 0x1b, 0xcc, 0x03, 0x3d, 0xc8,
    0x43, 0x3d, 0x8c, 0x03, 0x3d, 0xcc, 0x78, 0x8c, 0x74, 0x70, 0x07, 0x7b,
    0x08, 0x07, 0x79, 0x48, 0x87, 0x70, 0x70, 0x07, 0x7a, 0x70, 0x03, 0x76,
    0x78, 0x87, 0x70, 0x20, 0x87, 0x19, 0xcc, 0x11, 0x0e, 0xec, 0x90, 0x0e,
    0xe1, 0x30, 0x0f, 0x6e, 0x30, 0x0f, 0xe3, 0xf0, 0x0e, 0xf0, 0x50, 0x0e,
    0x33, 0x10, 0xc4, 0x1d, 0xde, 0x21, 0x1c, 0xd8, 0x21, 0x1d, 0xc2, 0x61,
    0x1e, 0x66, 0x30, 0x89, 0x3b, 0xbc, 0x83, 0x3b, 0xd0, 0x43, 0x39, 0xb4,
    0x03, 0x3c, 0xbc, 0x83, 0x3c, 0x84, 0x03, 0x3b, 0xcc, 0xf0, 0x14, 0x76,
    0x60, 0x07, 0x7b, 0x68, 0x07, 0x37, 0x68, 0x87, 0x72, 0x68, 0x07, 0x37,
    0x80, 0x87, 0x70, 0x90, 0x87, 0x70, 0x60, 0x07, 0x76, 0x28, 0x07, 0x76,
    0xf8, 0x05, 0x76, 0x78, 0x87, 0x77, 0x80, 0x87, 0x5f, 0x08, 0x87, 0x71,
    0x18, 0x87, 0x72, 0x98, 0x87, 0x79, 0x98, 0x81, 0x2c, 0xee, 0xf0, 0x0e,
    0xee, 0xe0, 0x0e, 0xf5, 0xc0, 0x0e, 0xec, 0x30, 0x03, 0x62, 0xc8, 0xa1,
    0x1c, 0xe4, 0xa1, 0x1c, 0xcc, 0xa1, 0x1c, 0xe4, 0xa1, 0x1c, 0xdc, 0x61,
    0x1c, 0xca, 0x21, 0x1c, 0xc4, 0x81, 0x1d, 0xca, 0x61, 0x06, 0xd6, 0x90,
    0x43, 0x39, 0xc8, 0x43, 0x39, 0x98, 0x43, 0x39, 0xc8, 0x43, 0x39, 0xb8,
    0xc3, 0x38, 0x94, 0x43, 0x38, 0x88, 0x03, 0x3b, 0x94, 0xc3, 0x2f, 0xbc,
    0x83, 0x3c, 0xfc, 0x82, 0x3b, 0xd4, 0x03, 0x3b, 0xb0, 0xc3, 0x0c, 0xc4,
    0x21, 0x07, 0x7c, 0x70, 0x03, 0x7a, 0x28, 0x87, 0x76, 0x80, 0x87, 0x19,
    0xd1, 0x43, 0x0e, 0xf8, 0xe0, 0x06, 0xe4, 0x20, 0x0e, 0xe7, 0xe0, 0x06,
    0xf6, 0x10, 0x0e, 0xf2, 0xc0, 0x0e, 0xe1, 0x90, 0x0f, 0xef, 0x50, 0x0f,
    0xf4, 0x30, 0x83, 0x81, 0xc8, 0x01, 0x1f, 0xdc, 0x40, 0x1c, 0xe4, 0xa1,
    0x1c, 0xc2, 0x61, 0x1d, 0xdc, 0x40, 0x1c, 0xe4, 0x01, 0x00, 0x00, 0x00,
    0x71, 0x20, 0x00, 0x00, 0x15, 0x00, 0x00, 0x00, 0x06, 0x60, 0xa4, 0xac,
    0x09, 0x20, 0x8d, 0x15, 0x48, 0xc3, 0xe5, 0x3b, 0x8f, 0x2f, 0x44, 0x04,
    0x30, 0x11, 0x21, 0xd0, 0x0c, 0x0b, 0x61, 0x03, 0xcd, 0x70, 0xf9, 0xce,
    0xe3, 0x0f, 0x88, 0x24, 0x00, 0xd1, 0x60, 0x01, 0xd3, 0x70, 0xf9, 0xce,
    0xe3, 0x2f, 0x0e, 0x30, 0x88, 0xcd, 0x43, 0x4d, 0x7e, 0x71, 0xdb, 0x46,
    0x00, 0x0d, 0x97, 0xef, 0x3c, 0xbe, 0x04, 0x30, 0xcf, 0x42, 0xf8, 0xc5,
    0x6d, 0x9b, 0x40, 0x35, 0x5c, 0xbe, 0xf3, 0xf8, 0xd2, 0xe4, 0x44, 0x04,
    0x4a, 0x4d, 0x0f, 0x35, 0xf9, 0xc5, 0x6d, 0x03, 0x61, 0x20, 0x00, 0x00,
    0x63, 0x00, 0x00, 0x00, 0x13, 0x04, 0x43, 0x2c, 0x10, 0x00, 0x00, 0x00,
    0x06, 0x00, 0x00, 0x00, 0xa4, 0x6a, 0x60, 0x04, 0x80, 0xc8, 0x0c, 0x40,
    0xc9, 0x15, 0x5e, 0x91, 0x06, 0xd0, 0x18, 0x23, 0x00, 0x41, 0x10, 0x84,
    0xbf, 0x19, 0x00, 0x00, 0x23, 0x06, 0x09, 0x00, 0x82, 0x60, 0x20, 0x75,
    0xc5, 0xb3, 0x6d, 0xc7, 0x88, 0x41, 0x02, 0x80, 0x20, 0x18, 0x48, 0x9e,
    0x21, 0x71, 0x1c, 0x32, 0x62, 0x90, 0x00, 0x20, 0x08, 0x06, 0xc6, 0x18,
    0x5c, 0x55, 0x17, 0x21, 0x23, 0x06, 0x09, 0x00, 0x82, 0x60, 0x60, 0x90,
    0x01, 0x66, 0x79, 0x50, 0x32, 0x62, 0x90, 0x00, 0x20, 0x08, 0x06, 0x46,
    0x19, 0x64, 0xd9, 0x37, 0x29, 0x23, 0x06, 0x09, 0x00, 0x82, 0x60, 0x60,
    0x98, 0x81, 0xa6, 0x81, 0x81, 0xb4, 0x8c, 0x18, 0x24, 0x00, 0x08, 0x82,
    0x81, 0x71, 0x06, 0xdb, 0x16, 0x06, 0x14, 0x33, 0x62, 0x90, 0x00, 0x20,
    0x08, 0x06, 0x06, 0x1a, 0x70, 0x9e, 0x18, 0x58, 0xcd, 0x88, 0x41, 0x02,
    0x80, 0x20, 0x18, 0x18, 0x69, 0xd0, 0x81, 0xc1, 0x18, 0x5c, 0xce, 0x88,
    0x41, 0x02, 0x80, 0x20, 0x18, 0x18, 0x6a, 0xe0, 0x85, 0x01, 0x19, 0x58,
    0xcf, 0x88, 0x41, 0x02, 0x80, 0x20, 0x18, 0x18, 0x6b, 0xf0, 0x99, 0x41,
    0x19, 0x64, 0xd0, 0x88, 0x41, 0x02, 0x80, 0x20, 0x18, 0x18, 0x6c, 0x00,
    0x06, 0x67, 0x60, 0x06, 0x58, 0x34, 0x62, 0x90, 0x00, 0x20, 0x08, 0x06,
    0x46, 0x1b, 0x84, 0x01, 0x1a, 0x9c, 0x81, 0x26, 0x8d, 0x18, 0x24, 0x00,
    0x08, 0x82, 0x81, 0xe1, 0x06, 0x62, 0x90, 0x06, 0x68, 0xe0, 0x4d, 0x23,
    0x06, 0x0f, 0x00, 0x82, 0x60, 0x00, 0xb1, 0x81, 0xe4, 0x34, 0x46, 0xf1,
    0x3c, 0x69, 0x90, 0x06, 0xd4, 0x33, 0x9a, 0x10, 0x00, 0xa3, 0x09, 0x42,
    0x30, 0x9a, 0x30, 0x08, 0xa3, 0x09, 0xc4, 0x60, 0x44, 0x22, 0x1f, 0x23,
    0x12, 0xf9, 0x18, 0x91, 0xc8, 0xc7, 0x88, 0x44, 0x3e, 0xc3, 0x11, 0x55,
    0x26, 0x7c, 0xc3, 0x11, 0x42, 0x45, 0x7c, 0x25, 0x04, 0x3a, 0xcb, 0x10,
    0x08, 0xc1, 0x88, 0x81, 0x01, 0x80, 0x20, 0x18, 0x2c, 0x79, 0xd0, 0x89,
    0xc1, 0x2c, 0x81, 0x60, 0xd6, 0x11, 0x1f, 0xb3, 0x8e, 0xf8, 0x98, 0x75,
    0xc4, 0xc7, 0x06, 0x4b, 0x3e, 0x36, 0x5c, 0xf2, 0xb1, 0x01, 0x93, 0x8f,
    0x0d, 0x0d, 0x7c, 0x6c, 0x68, 0xe0, 0x63, 0x43, 0x03, 0x9f, 0x11, 0x83,
    0x04, 0x00, 0x41, 0x30, 0x40, 0x46, 0xc1, 0x0e, 0xfc, 0xc0, 0x0f, 0xe4,
    0x60, 0x18, 0x31, 0x48, 0x00, 0x10, 0x04, 0x03, 0x64, 0x14, 0xec, 0xc0,
    0x0f, 0xfc, 0x00, 0x0e, 0x84, 0x11, 0x83, 0x04, 0x00, 0x41, 0x30, 0x40,
    0x46, 0xc1, 0x0e, 0xfc, 0xc0, 0x0f, 0xe2, 0x20, 0x18, 0x31, 0x48, 0x00,
    0x10, 0x04, 0x03, 0x64, 0x14, 0xec, 0xc0, 0x0f, 0xfc, 0x80, 0x0e, 0x1a,
    0x04, 0x00, 0x00, 0x00, 0x00, 0x00, 0x00, 0x00,
};
static const size_t kMeshPS_DXIL_size = sizeof(kMeshPS_DXIL);

static const uint8_t kMeshVS_SPIRV[7916] = {
    0x03, 0x02, 0x23, 0x07, 0x00, 0x00, 0x01, 0x00, 0x00, 0x00, 0x0e, 0x00,
    0x31, 0x01, 0x00, 0x00, 0x00, 0x00, 0x00, 0x00, 0x11, 0x00, 0x02, 0x00,
    0x01, 0x00, 0x00, 0x00, 0x0b, 0x00, 0x06, 0x00, 0x01, 0x00, 0x00, 0x00,
    0x47, 0x4c, 0x53, 0x4c, 0x2e, 0x73, 0x74, 0x64, 0x2e, 0x34, 0x35, 0x30,
    0x00, 0x00, 0x00, 0x00, 0x0e, 0x00, 0x03, 0x00, 0x00, 0x00, 0x00, 0x00,
    0x01, 0x00, 0x00, 0x00, 0x0f, 0x00, 0x0f, 0x00, 0x00, 0x00, 0x00, 0x00,
    0x02, 0x00, 0x00, 0x00, 0x56, 0x53, 0x4d, 0x61, 0x69, 0x6e, 0x00, 0x00,
    0x03, 0x00, 0x00, 0x00, 0x04, 0x00, 0x00, 0x00, 0x05, 0x00, 0x00, 0x00,
    0x06, 0x00, 0x00, 0x00, 0x07, 0x00, 0x00, 0x00, 0x08, 0x00, 0x00, 0x00,
    0x09, 0x00, 0x00, 0x00, 0x0a, 0x00, 0x00, 0x00, 0x0b, 0x00, 0x00, 0x00,
    0x0c, 0x00, 0x00, 0x00, 0x03, 0x00, 0x03, 0x00, 0x05, 0x00, 0x00, 0x00,
    0x58, 0x02, 0x00, 0x00, 0x05, 0x00, 0x06, 0x00, 0x0d, 0x00, 0x00, 0x00,
    0x74, 0x79, 0x70, 0x65, 0x2e, 0x56, 0x53, 0x50, 0x61, 0x72, 0x61, 0x6d,
    0x73, 0x00, 0x00, 0x00, 0x06, 0x00, 0x04, 0x00, 0x0d, 0x00, 0x00, 0x00,
    0x00, 0x00, 0x00, 0x00, 0x6d, 0x76, 0x70, 0x00, 0x06, 0x00, 0x05, 0x00,
    0x0d, 0x00, 0x00, 0x00, 0x01, 0x00, 0x00, 0x00, 0x77, 0x6f, 0x72, 0x6c,
    0x64, 0x00, 0x00, 0x00, 0x06, 0x00, 0x05, 0x00, 0x0d, 0x00, 0x00, 0x00,
    0x02, 0x00, 0x00, 0x00, 0x61, 0x6d, 0x62, 0x69, 0x65, 0x6e, 0x74, 0x00,
    0x06, 0x00, 0x06, 0x00, 0x0d, 0x00, 0x00, 0x00, 0x03, 0x00, 0x00, 0x00,
    0x6d, 0x61, 0x74, 0x44, 0x69, 0x66, 0x66, 0x75, 0x73, 0x65, 0x00, 0x00,
    0x06, 0x00, 0x05, 0x00, 0x0d, 0x00, 0x00, 0x00, 0x04, 0x00, 0x00, 0x00,
    0x6d, 0x61, 0x74, 0x53, 0x70, 0x65, 0x63, 0x00, 0x06, 0x00, 0x06, 0x00,
    0x0d, 0x00, 0x00, 0x00, 0x05, 0x00, 0x00, 0x00, 0x66, 0x6f, 0x67, 0x43,
    0x6f, 0x6c, 0x6f, 0x72, 0x00, 0x00, 0x00, 0x00, 0x06, 0x00, 0x06, 0x00,
    0x0d, 0x00, 0x00, 0x00, 0x06, 0x00, 0x00, 0x00, 0x66, 0x6f, 0x67, 0x50,
    0x61, 0x72, 0x61, 0x6d, 0x73, 0x00, 0x00, 0x00, 0x06, 0x00, 0x05, 0x00,
    0x0d, 0x00, 0x00, 0x00, 0x07, 0x00, 0x00, 0x00, 0x65, 0x79, 0x65, 0x50,
    0x6f, 0x73, 0x00, 0x00, 0x06, 0x00, 0x05, 0x00, 0x0d, 0x00, 0x00, 0x00,
    0x08, 0x00, 0x00, 0x00, 0x66, 0x6c, 0x61, 0x67, 0x73, 0x00, 0x00, 0x00,
    0x06, 0x00, 0x06, 0x00, 0x0d, 0x00, 0x00, 0x00, 0x09, 0x00, 0x00, 0x00,
    0x6c, 0x69, 0x67, 0x68, 0x74, 0x43, 0x6f, 0x75, 0x6e, 0x74, 0x00, 0x00,
    0x06, 0x00, 0x06, 0x00, 0x0d, 0x00, 0x00, 0x00, 0x0a, 0x00, 0x00, 0x00,
    0x6c, 0x69, 0x67, 0x68, 0x74, 0x50, 0x61, 0x64, 0x00, 0x00, 0x00, 0x00,
    0x06, 0x00, 0x06, 0x00, 0x0d, 0x00, 0x00, 0x00, 0x0b, 0x00, 0x00, 0x00,
    0x6c, 0x69, 0x67, 0x68, 0x74, 0x50, 0x6f, 0x73, 0x00, 0x00, 0x00, 0x00,
    0x06, 0x00, 0x06, 0x00, 0x0d, 0x00, 0x00, 0x00, 0x0c, 0x00, 0x00, 0x00,
    0x6c, 0x69, 0x67, 0x68, 0x74, 0x43, 0x6f, 0x6c, 0x6f, 0x72, 0x00, 0x00,
    0x06, 0x00, 0x06, 0x00, 0x0d, 0x00, 0x00, 0x00, 0x0d, 0x00, 0x00, 0x00,
    0x6c, 0x69, 0x67, 0x68, 0x74, 0x41, 0x74, 0x74, 0x65, 0x6e, 0x00, 0x00,
    0x06, 0x00, 0x07, 0x00, 0x0d, 0x00, 0x00, 0x00, 0x0e, 0x00, 0x00, 0x00,
    0x6c, 0x69, 0x67, 0x68, 0x74, 0x53, 0x70, 0x6f, 0x74, 0x44, 0x69, 0x72,
    0x00, 0x00, 0x00, 0x00, 0x06, 0x00, 0x07, 0x00, 0x0d, 0x00, 0x00, 0x00,
    0x0f, 0x00, 0x00, 0x00, 0x6c, 0x69, 0x67, 0x68, 0x74, 0x53, 0x70, 0x6f,
    0x74, 0x50, 0x72, 0x6d, 0x00, 0x00, 0x00, 0x00, 0x05, 0x00, 0x05, 0x00,
    0x0e, 0x00, 0x00, 0x00, 0x56, 0x53, 0x50, 0x61, 0x72, 0x61, 0x6d, 0x73,
    0x00, 0x00, 0x00, 0x00, 0x05, 0x00, 0x07, 0x00, 0x03, 0x00, 0x00, 0x00,
    0x69, 0x6e, 0x2e, 0x76, 0x61, 0x72, 0x2e, 0x54, 0x45, 0x58, 0x43, 0x4f,
    0x4f, 0x52, 0x44, 0x30, 0x00, 0x00, 0x00, 0x00, 0x05, 0x00, 0x07, 0x00,
    0x04, 0x00, 0x00, 0x00, 0x69, 0x6e, 0x2e, 0x76, 0x61, 0x72, 0x2e, 0x54,
    0x45, 0x58, 0x43, 0x4f, 0x4f, 0x52, 0x44, 0x31, 0x00, 0x00, 0x00, 0x00,
    0x05, 0x00, 0x07, 0x00, 0x05, 0x00, 0x00, 0x00, 0x69, 0x6e, 0x2e, 0x76,
    0x61, 0x72, 0x2e, 0x54, 0x45, 0x58, 0x43, 0x4f, 0x4f, 0x52, 0x44, 0x32,
    0x00, 0x00, 0x00, 0x00, 0x05, 0x00, 0x07, 0x00, 0x06, 0x00, 0x00, 0x00,
    0x69, 0x6e, 0x2e, 0x76, 0x61, 0x72, 0x2e, 0x54, 0x45, 0x58, 0x43, 0x4f,
    0x4f, 0x52, 0x44, 0x33, 0x00, 0x00, 0x00, 0x00, 0x05, 0x00, 0x06, 0x00,
    0x08, 0x00, 0x00, 0x00, 0x6f, 0x75, 0x74, 0x2e, 0x76, 0x61, 0x72, 0x2e,
    0x43, 0x4f, 0x4c, 0x4f, 0x52, 0x30, 0x00, 0x00, 0x05, 0x00, 0x07, 0x00,
    0x09, 0x00, 0x00, 0x00, 0x6f, 0x75, 0x74, 0x2e, 0x76, 0x61, 0x72, 0x2e,
    0x54, 0x45, 0x58, 0x43, 0x4f, 0x4f, 0x52, 0x44, 0x30, 0x00, 0x00, 0x00,
    0x05, 0x00, 0x07, 0x00, 0x0a, 0x00, 0x00, 0x00, 0x6f, 0x75, 0x74, 0x2e,
    0x76, 0x61, 0x72, 0x2e, 0x54, 0x45, 0x58, 0x43, 0x4f, 0x4f, 0x52, 0x44,
    0x31, 0x00, 0x00, 0x00, 0x05, 0x00, 0x07, 0x00, 0x0b, 0x00, 0x00, 0x00,
    0x6f, 0x75, 0x74, 0x2e, 0x76, 0x61, 0x72, 0x2e, 0x54, 0x45, 0x58, 0x43,
    0x4f, 0x4f, 0x52, 0x44, 0x32, 0x00, 0x00, 0x00, 0x05, 0x00, 0x07, 0x00,
    0x0c, 0x00, 0x00, 0x00, 0x6f, 0x75, 0x74, 0x2e, 0x76, 0x61, 0x72, 0x2e,
    0x54, 0x45, 0x58, 0x43, 0x4f, 0x4f, 0x52, 0x44, 0x33, 0x00, 0x00, 0x00,
    0x05, 0x00, 0x04, 0x00, 0x02, 0x00, 0x00, 0x00, 0x56, 0x53, 0x4d, 0x61,
    0x69, 0x6e, 0x00, 0x00, 0x47, 0x00, 0x04, 0x00, 0x07, 0x00, 0x00, 0x00,
    0x0b, 0x00, 0x00, 0x00, 0x00, 0x00, 0x00, 0x00, 0x47, 0x00, 0x04, 0x00,
    0x03, 0x00, 0x00, 0x00, 0x1e, 0x00, 0x00, 0x00, 0x00, 0x00, 0x00, 0x00,
    0x47, 0x00, 0x04, 0x00, 0x04, 0x00, 0x00, 0x00, 0x1e, 0x00, 0x00, 0x00,
    0x01, 0x00, 0x00, 0x00, 0x47, 0x00, 0x04, 0x00, 0x05, 0x00, 0x00, 0x00,
    0x1e, 0x00, 0x00, 0x00, 0x02, 0x00, 0x00, 0x00, 0x47, 0x00, 0x04, 0x00,
    0x06, 0x00, 0x00, 0x00, 0x1e, 0x00, 0x00, 0x00, 0x03, 0x00, 0x00, 0x00,
    0x47, 0x00, 0x04, 0x00, 0x08, 0x00, 0x00, 0x00, 0x1e, 0x00, 0x00, 0x00,
    0x00, 0x00, 0x00, 0x00, 0x47, 0x00, 0x04, 0x00, 0x09, 0x00, 0x00, 0x00,
    0x1e, 0x00, 0x00, 0x00, 0x01, 0x00, 0x00, 0x00, 0x47, 0x00, 0x04, 0x00,
    0x0a, 0x00, 0x00, 0x00, 0x1e, 0x00, 0x00, 0x00, 0x02, 0x00, 0x00, 0x00,
    0x47, 0x00, 0x04, 0x00, 0x0b, 0x00, 0x00, 0x00, 0x1e, 0x00, 0x00, 0x00,
    0x03, 0x00, 0x00, 0x00, 0x47, 0x00, 0x04, 0x00, 0x0c, 0x00, 0x00, 0x00,
    0x1e, 0x00, 0x00, 0x00, 0x04, 0x00, 0x00, 0x00, 0x47, 0x00, 0x04, 0x00,
    0x0e, 0x00, 0x00, 0x00, 0x22, 0x00, 0x00, 0x00, 0x01, 0x00, 0x00, 0x00,
    0x47, 0x00, 0x04, 0x00, 0x0e, 0x00, 0x00, 0x00, 0x21, 0x00, 0x00, 0x00,
    0x00, 0x00, 0x00, 0x00, 0x47, 0x00, 0x04, 0x00, 0x0f, 0x00, 0x00, 0x00,
    0x06, 0x00, 0x00, 0x00, 0x10, 0x00, 0x00, 0x00, 0x48, 0x00, 0x05, 0x00,
    0x0d, 0x00, 0x00, 0x00, 0x00, 0x00, 0x00, 0x00, 0x23, 0x00, 0x00, 0x00,
    0x00, 0x00, 0x00, 0x00, 0x48, 0x00, 0x05, 0x00, 0x0d, 0x00, 0x00, 0x00,
    0x00, 0x00, 0x00, 0x00, 0x07, 0x00, 0x00, 0x00, 0x10, 0x00, 0x00, 0x00,
    0x48, 0x00, 0x04, 0x00, 0x0d, 0x00, 0x00, 0x00, 0x00, 0x00, 0x00, 0x00,
    0x04, 0x00, 0x00, 0x00, 0x48, 0x00, 0x05, 0x00, 0x0d, 0x00, 0x00, 0x00,
    0x01, 0x00, 0x00, 0x00, 0x23, 0x00, 0x00, 0x00, 0x40, 0x00, 0x00, 0x00,
    0x48, 0x00, 0x05, 0x00, 0x0d, 0x00, 0x00, 0x00, 0x01, 0x00, 0x00, 0x00,
    0x07, 0x00, 0x00, 0x00, 0x10, 0x00, 0x00, 0x00, 0x48, 0x00, 0x04, 0x00,
    0x0d, 0x00, 0x00, 0x00, 0x01, 0x00, 0x00, 0x00, 0x04, 0x00, 0x00, 0x00,
    0x48, 0x00, 0x05, 0x00, 0x0d, 0x00, 0x00, 0x00, 0x02, 0x00, 0x00, 0x00,
    0x23, 0x00, 0x00, 0x00, 0x80, 0x00, 0x00, 0x00, 0x48, 0x00, 0x05, 0x00,
    0x0d, 0x00, 0x00, 0x00, 0x03, 0x00, 0x00, 0x00, 0x23, 0x00, 0x00, 0x00,
    0x90, 0x00, 0x00, 0x00, 0x48, 0x00, 0x05, 0x00, 0x0d, 0x00, 0x00, 0x00,
    0x04, 0x00, 0x00, 0x00, 0x23, 0x00, 0x00, 0x00, 0xa0, 0x00, 0x00, 0x00,
    0x48, 0x00, 0x05, 0x00, 0x0d, 0x00, 0x00, 0x00, 0x05, 0x00, 0x00, 0x00,
    0x23, 0x00, 0x00, 0x00, 0xb0, 0x00, 0x00, 0x00, 0x48, 0x00, 0x05, 0x00,
    0x0d, 0x00, 0x00, 0x00, 0x06, 0x00, 0x00, 0x00, 0x23, 0x00, 0x00, 0x00,
    0xc0, 0x00, 0x00, 0x00, 0x48, 0x00, 0x05, 0x00, 0x0d, 0x00, 0x00, 0x00,
    0x07, 0x00, 0x00, 0x00, 0x23, 0x00, 0x00, 0x00, 0xd0, 0x00, 0x00, 0x00,
    0x48, 0x00, 0x05, 0x00, 0x0d, 0x00, 0x00, 0x00, 0x08, 0x00, 0x00, 0x00,
    0x23, 0x00, 0x00, 0x00, 0xe0, 0x00, 0x00, 0x00, 0x48, 0x00, 0x05, 0x00,
    0x0d, 0x00, 0x00, 0x00, 0x09, 0x00, 0x00, 0x00, 0x23, 0x00, 0x00, 0x00,
    0xf0, 0x00, 0x00, 0x00, 0x48, 0x00, 0x05, 0x00, 0x0d, 0x00, 0x00, 0x00,
    0x0a, 0x00, 0x00, 0x00, 0x23, 0x00, 0x00, 0x00, 0xf4, 0x00, 0x00, 0x00,
    0x48, 0x00, 0x05, 0x00, 0x0d, 0x00, 0x00, 0x00, 0x0b, 0x00, 0x00, 0x00,
    0x23, 0x00, 0x00, 0x00, 0x00, 0x01, 0x00, 0x00, 0x48, 0x00, 0x05, 0x00,
    0x0d, 0x00, 0x00, 0x00, 0x0c, 0x00, 0x00, 0x00, 0x23, 0x00, 0x00, 0x00,
    0x80, 0x01, 0x00, 0x00, 0x48, 0x00, 0x05, 0x00, 0x0d, 0x00, 0x00, 0x00,
    0x0d, 0x00, 0x00, 0x00, 0x23, 0x00, 0x00, 0x00, 0x00, 0x02, 0x00, 0x00,
    0x48, 0x00, 0x05, 0x00, 0x0d, 0x00, 0x00, 0x00, 0x0e, 0x00, 0x00, 0x00,
    0x23, 0x00, 0x00, 0x00, 0x80, 0x02, 0x00, 0x00, 0x48, 0x00, 0x05, 0x00,
    0x0d, 0x00, 0x00, 0x00, 0x0f, 0x00, 0x00, 0x00, 0x23, 0x00, 0x00, 0x00,
    0x00, 0x03, 0x00, 0x00, 0x47, 0x00, 0x03, 0x00, 0x0d, 0x00, 0x00, 0x00,
    0x02, 0x00, 0x00, 0x00, 0x15, 0x00, 0x04, 0x00, 0x10, 0x00, 0x00, 0x00,
    0x20, 0x00, 0x00, 0x00, 0x01, 0x00, 0x00, 0x00, 0x2b, 0x00, 0x04, 0x00,
    0x10, 0x00, 0x00, 0x00, 0x11, 0x00, 0x00, 0x00, 0x00, 0x00, 0x00, 0x00,
    0x16, 0x00, 0x03, 0x00, 0x12, 0x00, 0x00, 0x00, 0x20, 0x00, 0x00, 0x00,
    0x2b, 0x00, 0x04, 0x00, 0x12, 0x00, 0x00, 0x00, 0x13, 0x00, 0x00, 0x00,
    0x00, 0x00, 0x80, 0x3f, 0x2b, 0x00, 0x04, 0x00, 0x10, 0x00, 0x00, 0x00,
    0x14, 0x00, 0x00, 0x00, 0x02, 0x00, 0x00, 0x00, 0x2b, 0x00, 0x04, 0x00,
    0x10, 0x00, 0x00, 0x00, 0x15, 0x00, 0x00, 0x00, 0x08, 0x00, 0x00, 0x00,
    0x2b, 0x00, 0x04, 0x00, 0x12, 0x00, 0x00, 0x00, 0x16, 0x00, 0x00, 0x00,
    0x00, 0x00, 0x00, 0x3f, 0x2b, 0x00, 0x04, 0x00, 0x10, 0x00, 0x00, 0x00,
    0x17, 0x00, 0x00, 0x00, 0x03, 0x00, 0x00, 0x00, 0x2b, 0x00, 0x04, 0x00,
    0x10, 0x00, 0x00, 0x00, 0x18, 0x00, 0x00, 0x00, 0x01, 0x00, 0x00, 0x00,
    0x2b, 0x00, 0x04, 0x00, 0x12, 0x00, 0x00, 0x00, 0x19, 0x00, 0x00, 0x00,
    0x00, 0x00, 0x00, 0x00, 0x2b, 0x00, 0x04, 0x00, 0x10, 0x00, 0x00, 0x00,
    0x1a, 0x00, 0x00, 0x00, 0x07, 0x00, 0x00, 0x00, 0x17, 0x00, 0x04, 0x00,
    0x1b, 0x00, 0x00, 0x00, 0x12, 0x00, 0x00, 0x00, 0x03, 0x00, 0x00, 0x00,
    0x2c, 0x00, 0x06, 0x00, 0x1b, 0x00, 0x00, 0x00, 0x1c, 0x00, 0x00, 0x00,
    0x19, 0x00, 0x00, 0x00, 0x19, 0x00, 0x00, 0x00, 0x19, 0x00, 0x00, 0x00,
    0x14, 0x00, 0x02, 0x00, 0x1d, 0x00, 0x00, 0x00, 0x2a, 0x00, 0x03, 0x00,
    0x1d, 0x00, 0x00, 0x00, 0x1e, 0x00, 0x00, 0x00, 0x2b, 0x00, 0x04, 0x00,
    0x10, 0x00, 0x00, 0x00, 0x1f, 0x00, 0x00, 0x00, 0x04, 0x00, 0x00, 0x00,
    0x15, 0x00, 0x04, 0x00, 0x20, 0x00, 0x00, 0x00, 0x20, 0x00, 0x00, 0x00,
    0x00, 0x00, 0x00, 0x00, 0x2b, 0x00, 0x04, 0x00, 0x20, 0x00, 0x00, 0x00,
    0x21, 0x00, 0x00, 0x00, 0x00, 0x00, 0x00, 0x00, 0x2b, 0x00, 0x04, 0x00,
    0x20, 0x00, 0x00, 0x00, 0x22, 0x00, 0x00, 0x00, 0x08, 0x00, 0x00, 0x00,
    0x2b, 0x00, 0x04, 0x00, 0x10, 0x00, 0x00, 0x00, 0x23, 0x00, 0x00, 0x00,
    0x09, 0x00, 0x00, 0x00, 0x2b, 0x00, 0x04, 0x00, 0x10, 0x00, 0x00, 0x00,
    0x24, 0x00, 0x00, 0x00, 0x0b, 0x00, 0x00, 0x00, 0x2b, 0x00, 0x04, 0x00,
    0x12, 0x00, 0x00, 0x00, 0x25, 0x00, 0x00, 0x00, 0x00, 0x00, 0x20, 0x40,
    0x2b, 0x00, 0x04, 0x00, 0x12, 0x00, 0x00, 0x00, 0x26, 0x00, 0x00, 0x00,
    0xbd, 0x37, 0x86, 0x35, 0x2b, 0x00, 0x04, 0x00, 0x10, 0x00, 0x00, 0x00,
    0x27, 0x00, 0x00, 0x00, 0x0d, 0x00, 0x00, 0x00, 0x2b, 0x00, 0x04, 0x00,
    0x12, 0x00, 0x00, 0x00, 0x28, 0x00, 0x00, 0x00, 0x00, 0x00, 0xc0, 0x3f,
    0x2b, 0x00, 0x04, 0x00, 0x10, 0x00, 0x00, 0x00, 0x29, 0x00, 0x00, 0x00,
    0x0e, 0x00, 0x00, 0x00, 0x2b, 0x00, 0x04, 0x00, 0x10, 0x00, 0x00, 0x00,
    0x2a, 0x00, 0x00, 0x00, 0x0f, 0x00, 0x00, 0x00, 0x2b, 0x00, 0x04, 0x00,
    0x10, 0x00, 0x00, 0x00, 0x2b, 0x00, 0x00, 0x00, 0x0c, 0x00, 0x00, 0x00,
    0x2b, 0x00, 0x04, 0x00, 0x20, 0x00, 0x00, 0x00, 0x2c, 0x00, 0x00, 0x00,
    0x01, 0x00, 0x00, 0x00, 0x2c, 0x00, 0x06, 0x00, 0x1b, 0x00, 0x00, 0x00,
    0x2d, 0x00, 0x00, 0x00, 0x13, 0x00, 0x00, 0x00, 0x13, 0x00, 0x00, 0x00,
    0x13, 0x00, 0x00, 0x00, 0x2b, 0x00, 0x04, 0x00, 0x10, 0x00, 0x00, 0x00,
    0x2e, 0x00, 0x00, 0x00, 0x06, 0x00, 0x00, 0x00, 0x2b, 0x00, 0x04, 0x00,
    0x10, 0x00, 0x00, 0x00, 0x2f, 0x00, 0x00, 0x00, 0x05, 0x00, 0x00, 0x00,
    0x17, 0x00, 0x04, 0x00, 0x30, 0x00, 0x00, 0x00, 0x12, 0x00, 0x00, 0x00,
    0x04, 0x00, 0x00, 0x00, 0x18, 0x00, 0x04, 0x00, 0x31, 0x00, 0x00, 0x00,
    0x30, 0x00, 0x00, 0x00, 0x04, 0x00, 0x00, 0x00, 0x1c, 0x00, 0x04, 0x00,
    0x0f, 0x00, 0x00, 0x00, 0x30, 0x00, 0x00, 0x00, 0x22, 0x00, 0x00, 0x00,
    0x1e, 0x00, 0x12, 0x00, 0x0d, 0x00, 0x00, 0x00, 0x31, 0x00, 0x00, 0x00,
    0x31, 0x00, 0x00, 0x00, 0x30, 0x00, 0x00, 0x00, 0x30, 0x00, 0x00, 0x00,
    0x30, 0x00, 0x00, 0x00, 0x30, 0x00, 0x00, 0x00, 0x30, 0x00, 0x00, 0x00,
    0x30, 0x00, 0x00, 0x00, 0x30, 0x00, 0x00, 0x00, 0x10, 0x00, 0x00, 0x00,
    0x1b, 0x00, 0x00, 0x00, 0x0f, 0x00, 0x00, 0x00, 0x0f, 0x00, 0x00, 0x00,
    0x0f, 0x00, 0x00, 0x00, 0x0f, 0x00, 0x00, 0x00, 0x0f, 0x00, 0x00, 0x00,
    0x20, 0x00, 0x04, 0x00, 0x32, 0x00, 0x00, 0x00, 0x02, 0x00, 0x00, 0x00,
    0x0d, 0x00, 0x00, 0x00, 0x20, 0x00, 0x04, 0x00, 0x33, 0x00, 0x00, 0x00,
    0x01, 0x00, 0x00, 0x00, 0x1b, 0x00, 0x00, 0x00, 0x20, 0x00, 0x04, 0x00,
    0x34, 0x00, 0x00, 0x00, 0x01, 0x00, 0x00, 0x00, 0x30, 0x00, 0x00, 0x00,
    0x17, 0x00, 0x04, 0x00, 0x35, 0x00, 0x00, 0x00, 0x12, 0x00, 0x00, 0x00,
    0x02, 0x00, 0x00, 0x00, 0x20, 0x00, 0x04, 0x00, 0x36, 0x00, 0x00, 0x00,
    0x01, 0x00, 0x00, 0x00, 0x35, 0x00, 0x00, 0x00, 0x20, 0x00, 0x04, 0x00,
    0x37, 0x00, 0x00, 0x00, 0x03, 0x00, 0x00, 0x00, 0x30, 0x00, 0x00, 0x00,
    0x20, 0x00, 0x04, 0x00, 0x38, 0x00, 0x00, 0x00, 0x03, 0x00, 0x00, 0x00,
    0x35, 0x00, 0x00, 0x00, 0x20, 0x00, 0x04, 0x00, 0x39, 0x00, 0x00, 0x00,
    0x03, 0x00, 0x00, 0x00, 0x12, 0x00, 0x00, 0x00, 0x13, 0x00, 0x02, 0x00,
    0x3a, 0x00, 0x00, 0x00, 0x21, 0x00, 0x03, 0x00, 0x3b, 0x00, 0x00, 0x00,
    0x3a, 0x00, 0x00, 0x00, 0x20, 0x00, 0x04, 0x00, 0x3c, 0x00, 0x00, 0x00,
    0x02, 0x00, 0x00, 0x00, 0x31, 0x00, 0x00, 0x00, 0x20, 0x00, 0x04, 0x00,
    0x3d, 0x00, 0x00, 0x00, 0x02, 0x00, 0x00, 0x00, 0x30, 0x00, 0x00, 0x00,
    0x20, 0x00, 0x04, 0x00, 0x3e, 0x00, 0x00, 0x00, 0x02, 0x00, 0x00, 0x00,
    0x12, 0x00, 0x00, 0x00, 0x20, 0x00, 0x04, 0x00, 0x3f, 0x00, 0x00, 0x00,
    0x02, 0x00, 0x00, 0x00, 0x10, 0x00, 0x00, 0x00, 0x3b, 0x00, 0x04, 0x00,
    0x32, 0x00, 0x00, 0x00, 0x0e, 0x00, 0x00, 0x00, 0x02, 0x00, 0x00, 0x00,
    0x3b, 0x00, 0x04, 0x00, 0x33, 0x00, 0x00, 0x00, 0x03, 0x00, 0x00, 0x00,
    0x01, 0x00, 0x00, 0x00, 0x3b, 0x00, 0x04, 0x00, 0x33, 0x00, 0x00, 0x00,
    0x04, 0x00, 0x00, 0x00, 0x01, 0x00, 0x00, 0x00, 0x3b, 0x00, 0x04, 0x00,
    0x34, 0x00, 0x00, 0x00, 0x05, 0x00, 0x00, 0x00, 0x01, 0x00, 0x00, 0x00,
    0x3b, 0x00, 0x04, 0x00, 0x36, 0x00, 0x00, 0x00, 0x06, 0x00, 0x00, 0x00,
    0x01, 0x00, 0x00, 0x00, 0x3b, 0x00, 0x04, 0x00, 0x37, 0x00, 0x00, 0x00,
    0x07, 0x00, 0x00, 0x00, 0x03, 0x00, 0x00, 0x00, 0x3b, 0x00, 0x04, 0x00,
    0x37, 0x00, 0x00, 0x00, 0x08, 0x00, 0x00, 0x00, 0x03, 0x00, 0x00, 0x00,
    0x3b, 0x00, 0x04, 0x00, 0x38, 0x00, 0x00, 0x00, 0x09, 0x00, 0x00, 0x00,
    0x03, 0x00, 0x00, 0x00, 0x3b, 0x00, 0x04, 0x00, 0x39, 0x00, 0x00, 0x00,
    0x0a, 0x00, 0x00, 0x00, 0x03, 0x00, 0x00, 0x00, 0x3b, 0x00, 0x04, 0x00,
    0x37, 0x00, 0x00, 0x00, 0x0b, 0x00, 0x00, 0x00, 0x03, 0x00, 0x00, 0x00,
    0x3b, 0x00, 0x04, 0x00, 0x38, 0x00, 0x00, 0x00, 0x0c, 0x00, 0x00, 0x00,
    0x03, 0x00, 0x00, 0x00, 0x2e, 0x00, 0x03, 0x00, 0x30, 0x00, 0x00, 0x00,
    0x40, 0x00, 0x00, 0x00, 0x36, 0x00, 0x05, 0x00, 0x3a, 0x00, 0x00, 0x00,
    0x02, 0x00, 0x00, 0x00, 0x00, 0x00, 0x00, 0x00, 0x3b, 0x00, 0x00, 0x00,
    0xf8, 0x00, 0x02, 0x00, 0x41, 0x00, 0x00, 0x00, 0x3d, 0x00, 0x04, 0x00,
    0x1b, 0x00, 0x00, 0x00, 0x42, 0x00, 0x00, 0x00, 0x03, 0x00, 0x00, 0x00,
    0x3d, 0x00, 0x04, 0x00, 0x1b, 0x00, 0x00, 0x00, 0x43, 0x00, 0x00, 0x00,
    0x04, 0x00, 0x00, 0x00, 0x3d, 0x00, 0x04, 0x00, 0x30, 0x00, 0x00, 0x00,
    0x44, 0x00, 0x00, 0x00, 0x05, 0x00, 0x00, 0x00, 0x3d, 0x00, 0x04, 0x00,
    0x35, 0x00, 0x00, 0x00, 0x45, 0x00, 0x00, 0x00, 0x06, 0x00, 0x00, 0x00,
    0x41, 0x00, 0x05, 0x00, 0x3c, 0x00, 0x00, 0x00, 0x46, 0x00, 0x00, 0x00,
    0x0e, 0x00, 0x00, 0x00, 0x11, 0x00, 0x00, 0x00, 0x3d, 0x00, 0x04, 0x00,
    0x31, 0x00, 0x00, 0x00, 0x47, 0x00, 0x00, 0x00, 0x46, 0x00, 0x00, 0x00,
    0x51, 0x00, 0x05, 0x00, 0x12, 0x00, 0x00, 0x00, 0x48, 0x00, 0x00, 0x00,
    0x42, 0x00, 0x00, 0x00, 0x00, 0x00, 0x00, 0x00, 0x51, 0x00, 0x05, 0x00,
    0x12, 0x00, 0x00, 0x00, 0x49, 0x00, 0x00, 0x00, 0x42, 0x00, 0x00, 0x00,
    0x01, 0x00, 0x00, 0x00, 0x51, 0x00, 0x05, 0x00, 0x12, 0x00, 0x00, 0x00,
    0x4a, 0x00, 0x00, 0x00, 0x42, 0x00, 0x00, 0x00, 0x02, 0x00, 0x00, 0x00,
    0x50, 0x00, 0x07, 0x00, 0x30, 0x00, 0x00, 0x00, 0x4b, 0x00, 0x00, 0x00,
    0x48, 0x00, 0x00, 0x00, 0x49, 0x00, 0x00, 0x00, 0x4a, 0x00, 0x00, 0x00,
    0x13, 0x00, 0x00, 0x00, 0x90, 0x00, 0x05, 0x00, 0x30, 0x00, 0x00, 0x00,
    0x4c, 0x00, 0x00, 0x00, 0x4b, 0x00, 0x00, 0x00, 0x47, 0x00, 0x00, 0x00,
    0x41, 0x00, 0x06, 0x00, 0x3e, 0x00, 0x00, 0x00, 0x4d, 0x00, 0x00, 0x00,
    0x0e, 0x00, 0x00, 0x00, 0x15, 0x00, 0x00, 0x00, 0x11, 0x00, 0x00, 0x00,
    0x3d, 0x00, 0x04, 0x00, 0x12, 0x00, 0x00, 0x00, 0x4e, 0x00, 0x00, 0x00,
    0x4d, 0x00, 0x00, 0x00, 0xba, 0x00, 0x05, 0x00, 0x1d, 0x00, 0x00, 0x00,
    0x4f, 0x00, 0x00, 0x00, 0x4e, 0x00, 0x00, 0x00, 0x16, 0x00, 0x00, 0x00,
    0xf7, 0x00, 0x03, 0x00, 0x50, 0x00, 0x00, 0x00, 0x00, 0x00, 0x00, 0x00,
    0xfa, 0x00, 0x04, 0x00, 0x4f, 0x00, 0x00, 0x00, 0x51, 0x00, 0x00, 0x00,
    0x52, 0x00, 0x00, 0x00, 0xf8, 0x00, 0x02, 0x00, 0x51, 0x00, 0x00, 0x00,
    0x4f, 0x00, 0x08, 0x00, 0x1b, 0x00, 0x00, 0x00, 0x53, 0x00, 0x00, 0x00,
    0x44, 0x00, 0x00, 0x00, 0x40, 0x00, 0x00, 0x00, 0x02, 0x00, 0x00, 0x00,
    0x01, 0x00, 0x00, 0x00, 0x00, 0x00, 0x00, 0x00, 0xf9, 0x00, 0x02, 0x00,
    0x50, 0x00, 0x00, 0x00, 0xf8, 0x00, 0x02, 0x00, 0x52, 0x00, 0x00, 0x00,
    0x41, 0x00, 0x05, 0x00, 0x3d, 0x00, 0x00, 0x00, 0x54, 0x00, 0x00, 0x00,
    0x0e, 0x00, 0x00, 0x00, 0x17, 0x00, 0x00, 0x00, 0x3d, 0x00, 0x04, 0x00,
    0x30, 0x00, 0x00, 0x00, 0x55, 0x00, 0x00, 0x00, 0x54, 0x00, 0x00, 0x00,
    0x4f, 0x00, 0x08, 0x00, 0x1b, 0x00, 0x00, 0x00, 0x56, 0x00, 0x00, 0x00,
    0x55, 0x00, 0x00, 0x00, 0x55, 0x00, 0x00, 0x00, 0x00, 0x00, 0x00, 0x00,
    0x01, 0x00, 0x00, 0x00, 0x02, 0x00, 0x00, 0x00, 0xf9, 0x00, 0x02, 0x00,
    0x50, 0x00, 0x00, 0x00, 0xf8, 0x00, 0x02, 0x00, 0x50, 0x00, 0x00, 0x00,
    0xf5, 0x00, 0x07, 0x00, 0x1b, 0x00, 0x00, 0x00, 0x57, 0x00, 0x00, 0x00,
    0x53, 0x00, 0x00, 0x00, 0x51, 0x00, 0x00, 0x00, 0x56, 0x00, 0x00, 0x00,
    0x52, 0x00, 0x00, 0x00, 0x51, 0x00, 0x05, 0x00, 0x12, 0x00, 0x00, 0x00,
    0x58, 0x00, 0x00, 0x00, 0x44, 0x00, 0x00, 0x00, 0x03, 0x00, 0x00, 0x00,
    0x41, 0x00, 0x06, 0x00, 0x3e, 0x00, 0x00, 0x00, 0x59, 0x00, 0x00, 0x00,
    0x0e, 0x00, 0x00, 0x00, 0x17, 0x00, 0x00, 0x00, 0x17, 0x00, 0x00, 0x00,
    0x3d, 0x00, 0x04, 0x00, 0x12, 0x00, 0x00, 0x00, 0x5a, 0x00, 0x00, 0x00,
    0x59, 0x00, 0x00, 0x00, 0x85, 0x00, 0x05, 0x00, 0x12, 0x00, 0x00, 0x00,
    0x5b, 0x00, 0x00, 0x00, 0x58, 0x00, 0x00, 0x00, 0x5a, 0x00, 0x00, 0x00,
    0x41, 0x00, 0x05, 0x00, 0x3c, 0x00, 0x00, 0x00, 0x5c, 0x00, 0x00, 0x00,
    0x0e, 0x00, 0x00, 0x00, 0x18, 0x00, 0x00, 0x00, 0x3d, 0x00, 0x04, 0x00,
    0x31, 0x00, 0x00, 0x00, 0x5d, 0x00, 0x00, 0x00, 0x5c, 0x00, 0x00, 0x00,
    0x90, 0x00, 0x05, 0x00, 0x30, 0x00, 0x00, 0x00, 0x5e, 0x00, 0x00, 0x00,
    0x4b, 0x00, 0x00, 0x00, 0x5d, 0x00, 0x00, 0x00, 0x51, 0x00, 0x05, 0x00,
    0x12, 0x00, 0x00, 0x00, 0x5f, 0x00, 0x00, 0x00, 0x43, 0x00, 0x00, 0x00,
    0x00, 0x00, 0x00, 0x00, 0x51, 0x00, 0x05, 0x00, 0x12, 0x00, 0x00, 0x00,
    0x60, 0x00, 0x00, 0x00, 0x43, 0x00, 0x00, 0x00, 0x01, 0x00, 0x00, 0x00,
    0x51, 0x00, 0x05, 0x00, 0x12, 0x00, 0x00, 0x00, 0x61, 0x00, 0x00, 0x00,
    0x43, 0x00, 0x00, 0x00, 0x02, 0x00, 0x00, 0x00, 0x50, 0x00, 0x07, 0x00,
    0x30, 0x00, 0x00, 0x00, 0x62, 0x00, 0x00, 0x00, 0x5f, 0x00, 0x00, 0x00,
    0x60, 0x00, 0x00, 0x00, 0x61, 0x00, 0x00, 0x00, 0x19, 0x00, 0x00, 0x00,
    0x90, 0x00, 0x05, 0x00, 0x30, 0x00, 0x00, 0x00, 0x63, 0x00, 0x00, 0x00,
    0x62, 0x00, 0x00, 0x00, 0x5d, 0x00, 0x00, 0x00, 0x4f, 0x00, 0x08, 0x00,
    0x1b, 0x00, 0x00, 0x00, 0x64, 0x00, 0x00, 0x00, 0x63, 0x00, 0x00, 0x00,
    0x63, 0x00, 0x00, 0x00, 0x00, 0x00, 0x00, 0x00, 0x01, 0x00, 0x00, 0x00,
    0x02, 0x00, 0x00, 0x00, 0x0c, 0x00, 0x06, 0x00, 0x1b, 0x00, 0x00, 0x00,
    0x65, 0x00, 0x00, 0x00, 0x01, 0x00, 0x00, 0x00, 0x45, 0x00, 0x00, 0x00,
    0x64, 0x00, 0x00, 0x00, 0x41, 0x00, 0x05, 0x00, 0x3d, 0x00, 0x00, 0x00,
    0x66, 0x00, 0x00, 0x00, 0x0e, 0x00, 0x00, 0x00, 0x1a, 0x00, 0x00, 0x00,
    0x3d, 0x00, 0x04, 0x00, 0x30, 0x00, 0x00, 0x00, 0x67, 0x00, 0x00, 0x00,
    0x66, 0x00, 0x00, 0x00, 0x4f, 0x00, 0x08, 0x00, 0x1b, 0x00, 0x00, 0x00,
    0x68, 0x00, 0x00, 0x00, 0x67, 0x00, 0x00, 0x00, 0x67, 0x00, 0x00, 0x00,
    0x00, 0x00, 0x00, 0x00, 0x01, 0x00, 0x00, 0x00, 0x02, 0x00, 0x00, 0x00,
    0x4f, 0x00, 0x08, 0x00, 0x1b, 0x00, 0x00, 0x00, 0x69, 0x00, 0x00, 0x00,
    0x5e, 0x00, 0x00, 0x00, 0x5e, 0x00, 0x00, 0x00, 0x00, 0x00, 0x00, 0x00,
    0x01, 0x00, 0x00, 0x00, 0x02, 0x00, 0x00, 0x00, 0x83, 0x00, 0x05, 0x00,
    0x1b, 0x00, 0x00, 0x00, 0x6a, 0x00, 0x00, 0x00, 0x68, 0x00, 0x00, 0x00,
    0x69, 0x00, 0x00, 0x00, 0x0c, 0x00, 0x06, 0x00, 0x1b, 0x00, 0x00, 0x00,
    0x6b, 0x00, 0x00, 0x00, 0x01, 0x00, 0x00, 0x00, 0x45, 0x00, 0x00, 0x00,
    0x6a, 0x00, 0x00, 0x00, 0x41, 0x00, 0x06, 0x00, 0x3e, 0x00, 0x00, 0x00,
    0x6c, 0x00, 0x00, 0x00, 0x0e, 0x00, 0x00, 0x00, 0x15, 0x00, 0x00, 0x00,
    0x18, 0x00, 0x00, 0x00, 0x3d, 0x00, 0x04, 0x00, 0x12, 0x00, 0x00, 0x00,
    0x6d, 0x00, 0x00, 0x00, 0x6c, 0x00, 0x00, 0x00, 0xb8, 0x00, 0x05, 0x00,
    0x1d, 0x00, 0x00, 0x00, 0x6e, 0x00, 0x00, 0x00, 0x6d, 0x00, 0x00, 0x00,
    0x16, 0x00, 0x00, 0x00, 0xf7, 0x00, 0x03, 0x00, 0x6f, 0x00, 0x00, 0x00,
    0x00, 0x00, 0x00, 0x00, 0xfa, 0x00, 0x04, 0x00, 0x6e, 0x00, 0x00, 0x00,
    0x70, 0x00, 0x00, 0x00, 0x6f, 0x00, 0x00, 0x00, 0xf8, 0x00, 0x02, 0x00,
    0x70, 0x00, 0x00, 0x00, 0x41, 0x00, 0x06, 0x00, 0x3e, 0x00, 0x00, 0x00,
    0x71, 0x00, 0x00, 0x00, 0x0e, 0x00, 0x00, 0x00, 0x1f, 0x00, 0x00, 0x00,
    0x11, 0x00, 0x00, 0x00, 0x3d, 0x00, 0x04, 0x00, 0x12, 0x00, 0x00, 0x00,
    0x72, 0x00, 0x00, 0x00, 0x71, 0x00, 0x00, 0x00, 0x41, 0x00, 0x06, 0x00,
    0x3e, 0x00, 0x00, 0x00, 0x73, 0x00, 0x00, 0x00, 0x0e, 0x00, 0x00, 0x00,
    0x1f, 0x00, 0x00, 0x00, 0x18, 0x00, 0x00, 0x00, 0x3d, 0x00, 0x04, 0x00,
    0x12, 0x00, 0x00, 0x00, 0x74, 0x00, 0x00, 0x00, 0x73, 0x00, 0x00, 0x00,
    0x81, 0x00, 0x05, 0x00, 0x12, 0x00, 0x00, 0x00, 0x75, 0x00, 0x00, 0x00,
    0x72, 0x00, 0x00, 0x00, 0x74, 0x00, 0x00, 0x00, 0x41, 0x00, 0x06, 0x00,
    0x3e, 0x00, 0x00, 0x00, 0x76, 0x00, 0x00, 0x00, 0x0e, 0x00, 0x00, 0x00,
    0x1f, 0x00, 0x00, 0x00, 0x14, 0x00, 0x00, 0x00, 0x3d, 0x00, 0x04, 0x00,
    0x12, 0x00, 0x00, 0x00, 0x77, 0x00, 0x00, 0x00, 0x76, 0x00, 0x00, 0x00,
    0x81, 0x00, 0x05, 0x00, 0x12, 0x00, 0x00, 0x00, 0x78, 0x00, 0x00, 0x00,
    0x75, 0x00, 0x00, 0x00, 0x77, 0x00, 0x00, 0x00, 0xba, 0x00, 0x05, 0x00,
    0x1d, 0x00, 0x00, 0x00, 0x79, 0x00, 0x00, 0x00, 0x78, 0x00, 0x00, 0x00,
    0x19, 0x00, 0x00, 0x00, 0xf9, 0x00, 0x02, 0x00, 0x6f, 0x00, 0x00, 0x00,
    0xf8, 0x00, 0x02, 0x00, 0x6f, 0x00, 0x00, 0x00, 0xf5, 0x00, 0x07, 0x00,
    0x1d, 0x00, 0x00, 0x00, 0x7a, 0x00, 0x00, 0x00, 0x1e, 0x00, 0x00, 0x00,
    0x50, 0x00, 0x00, 0x00, 0x79, 0x00, 0x00, 0x00, 0x70, 0x00, 0x00, 0x00,
    0xf7, 0x00, 0x03, 0x00, 0x7b, 0x00, 0x00, 0x00, 0x00, 0x00, 0x00, 0x00,
    0xfa, 0x00, 0x04, 0x00, 0x7a, 0x00, 0x00, 0x00, 0x7c, 0x00, 0x00, 0x00,
    0x7b, 0x00, 0x00, 0x00, 0xf8, 0x00, 0x02, 0x00, 0x7c, 0x00, 0x00, 0x00,
    0x41, 0x00, 0x06, 0x00, 0x3e, 0x00, 0x00, 0x00, 0x7d, 0x00, 0x00, 0x00,
    0x0e, 0x00, 0x00, 0x00, 0x1f, 0x00, 0x00, 0x00, 0x17, 0x00, 0x00, 0x00,
    0x3d, 0x00, 0x04, 0x00, 0x12, 0x00, 0x00, 0x00, 0x7e, 0x00, 0x00, 0x00,
    0x7d, 0x00, 0x00, 0x00, 0xba, 0x00, 0x05, 0x00, 0x1d, 0x00, 0x00, 0x00,
    0x7f, 0x00, 0x00, 0x00, 0x7e, 0x00, 0x00, 0x00, 0x19, 0x00, 0x00, 0x00,
    0xf9, 0x00, 0x02, 0x00, 0x7b, 0x00, 0x00, 0x00, 0xf8, 0x00, 0x02, 0x00,
    0x7b, 0x00, 0x00, 0x00, 0xf5, 0x00, 0x07, 0x00, 0x1d, 0x00, 0x00, 0x00,
    0x80, 0x00, 0x00, 0x00, 0x1e, 0x00, 0x00, 0x00, 0x6f, 0x00, 0x00, 0x00,
    0x7f, 0x00, 0x00, 0x00, 0x7c, 0x00, 0x00, 0x00, 0xf9, 0x00, 0x02, 0x00,
    0x81, 0x00, 0x00, 0x00, 0xf8, 0x00, 0x02, 0x00, 0x81, 0x00, 0x00, 0x00,
    0xf5, 0x00, 0x07, 0x00, 0x12, 0x00, 0x00, 0x00, 0x82, 0x00, 0x00, 0x00,
    0x19, 0x00, 0x00, 0x00, 0x7b, 0x00, 0x00, 0x00, 0x83, 0x00, 0x00, 0x00,
    0x84, 0x00, 0x00, 0x00, 0xf5, 0x00, 0x07, 0x00, 0x1b, 0x00, 0x00, 0x00,
    0x85, 0x00, 0x00, 0x00, 0x1c, 0x00, 0x00, 0x00, 0x7b, 0x00, 0x00, 0x00,
    0x86, 0x00, 0x00, 0x00, 0x84, 0x00, 0x00, 0x00, 0xf5, 0x00, 0x07, 0x00,
    0x20, 0x00, 0x00, 0x00, 0x87, 0x00, 0x00, 0x00, 0x21, 0x00, 0x00, 0x00,
    0x7b, 0x00, 0x00, 0x00, 0x88, 0x00, 0x00, 0x00, 0x84, 0x00, 0x00, 0x00,
    0xb0, 0x00, 0x05, 0x00, 0x1d, 0x00, 0x00, 0x00, 0x89, 0x00, 0x00, 0x00,
    0x87, 0x00, 0x00, 0x00, 0x22, 0x00, 0x00, 0x00, 0xf6, 0x00, 0x04, 0x00,
    0x8a, 0x00, 0x00, 0x00, 0x84, 0x00, 0x00, 0x00, 0x00, 0x00, 0x00, 0x00,
    0xfa, 0x00, 0x04, 0x00, 0x89, 0x00, 0x00, 0x00, 0x8b, 0x00, 0x00, 0x00,
    0x8a, 0x00, 0x00, 0x00, 0xf8, 0x00, 0x02, 0x00, 0x8b, 0x00, 0x00, 0x00,
    0x7c, 0x00, 0x04, 0x00, 0x10, 0x00, 0x00, 0x00, 0x8c, 0x00, 0x00, 0x00,
    0x87, 0x00, 0x00, 0x00, 0x41, 0x00, 0x05, 0x00, 0x3f, 0x00, 0x00, 0x00,
    0x8d, 0x00, 0x00, 0x00, 0x0e, 0x00, 0x00, 0x00, 0x23, 0x00, 0x00, 0x00,
    0x3d, 0x00, 0x04, 0x00, 0x10, 0x00, 0x00, 0x00, 0x8e, 0x00, 0x00, 0x00,
    0x8d, 0x00, 0x00, 0x00, 0xaf, 0x00, 0x05, 0x00, 0x1d, 0x00, 0x00, 0x00,
    0x8f, 0x00, 0x00, 0x00, 0x8c, 0x00, 0x00, 0x00, 0x8e, 0x00, 0x00, 0x00,
    0xf7, 0x00, 0x03, 0x00, 0x90, 0x00, 0x00, 0x00, 0x00, 0x00, 0x00, 0x00,
    0xfa, 0x00, 0x04, 0x00, 0x8f, 0x00, 0x00, 0x00, 0x91, 0x00, 0x00, 0x00,
    0x90, 0x00, 0x00, 0x00, 0xf8, 0x00, 0x02, 0x00, 0x91, 0x00, 0x00, 0x00,
    0xf9, 0x00, 0x02, 0x00, 0x8a, 0x00, 0x00, 0x00, 0xf8, 0x00, 0x02, 0x00,
    0x90, 0x00, 0x00, 0x00, 0x41, 0x00, 0x06, 0x00, 0x3d, 0x00, 0x00, 0x00,
    0x92, 0x00, 0x00, 0x00, 0x0e, 0x00, 0x00, 0x00, 0x24, 0x00, 0x00, 0x00,
    0x87, 0x00, 0x00, 0x00, 0x41, 0x00, 0x07, 0x00, 0x3e, 0x00, 0x00, 0x00,
    0x93, 0x00, 0x00, 0x00, 0x0e, 0x00, 0x00, 0x00, 0x24, 0x00, 0x00, 0x00,
    0x87, 0x00, 0x00, 0x00, 0x17, 0x00, 0x00, 0x00, 0x3d, 0x00, 0x04, 0x00,
    0x12, 0x00, 0x00, 0x00, 0x94, 0x00, 0x00, 0x00, 0x93, 0x00, 0x00, 0x00,
    0xba, 0x00, 0x05, 0x00, 0x1d, 0x00, 0x00, 0x00, 0x95, 0x00, 0x00, 0x00,
    0x94, 0x00, 0x00, 0x00, 0x25, 0x00, 0x00, 0x00, 0xf7, 0x00, 0x03, 0x00,
    0x96, 0x00, 0x00, 0x00, 0x00, 0x00, 0x00, 0x00, 0xfa, 0x00, 0x04, 0x00,
    0x95, 0x00, 0x00, 0x00, 0x97, 0x00, 0x00, 0x00, 0x98, 0x00, 0x00, 0x00,
    0xf8, 0x00, 0x02, 0x00, 0x97, 0x00, 0x00, 0x00, 0x3d, 0x00, 0x04, 0x00,
    0x30, 0x00, 0x00, 0x00, 0x99, 0x00, 0x00, 0x00, 0x92, 0x00, 0x00, 0x00,
    0x4f, 0x00, 0x08, 0x00, 0x1b, 0x00, 0x00, 0x00, 0x9a, 0x00, 0x00, 0x00,
    0x99, 0x00, 0x00, 0x00, 0x99, 0x00, 0x00, 0x00, 0x00, 0x00, 0x00, 0x00,
    0x01, 0x00, 0x00, 0x00, 0x02, 0x00, 0x00, 0x00, 0x0c, 0x00, 0x06, 0x00,
    0x1b, 0x00, 0x00, 0x00, 0x9b, 0x00, 0x00, 0x00, 0x01, 0x00, 0x00, 0x00,
    0x45, 0x00, 0x00, 0x00, 0x9a, 0x00, 0x00, 0x00, 0xf9, 0x00, 0x02, 0x00,
    0x96, 0x00, 0x00, 0x00, 0xf8, 0x00, 0x02, 0x00, 0x98, 0x00, 0x00, 0x00,
    0x3d, 0x00, 0x04, 0x00, 0x30, 0x00, 0x00, 0x00, 0x9c, 0x00, 0x00, 0x00,
    0x92, 0x00, 0x00, 0x00, 0x4f, 0x00, 0x08, 0x00, 0x1b, 0x00, 0x00, 0x00,
    0x9d, 0x00, 0x00, 0x00, 0x9c, 0x00, 0x00, 0x00, 0x9c, 0x00, 0x00, 0x00,
    0x00, 0x00, 0x00, 0x00, 0x01, 0x00, 0x00, 0x00, 0x02, 0x00, 0x00, 0x00,
    0x83, 0x00, 0x05, 0x00, 0x1b, 0x00, 0x00, 0x00, 0x9e, 0x00, 0x00, 0x00,
    0x9d, 0x00, 0x00, 0x00, 0x69, 0x00, 0x00, 0x00, 0x0c, 0x00, 0x06, 0x00,
    0x12, 0x00, 0x00, 0x00, 0x9f, 0x00, 0x00, 0x00, 0x01, 0x00, 0x00, 0x00,
    0x42, 0x00, 0x00, 0x00, 0x9e, 0x00, 0x00, 0x00, 0x0c, 0x00, 0x07, 0x00,
    0x12, 0x00, 0x00, 0x00, 0xa0, 0x00, 0x00, 0x00, 0x01, 0x00, 0x00, 0x00,
    0x50, 0x00, 0x00, 0x00, 0x9f, 0x00, 0x00, 0x00, 0x26, 0x00, 0x00, 0x00,
    0x50, 0x00, 0x06, 0x00, 0x1b, 0x00, 0x00, 0x00, 0xa1, 0x00, 0x00, 0x00,
    0xa0, 0x00, 0x00, 0x00, 0xa0, 0x00, 0x00, 0x00, 0xa0, 0x00, 0x00, 0x00,
    0x88, 0x00, 0x05, 0x00, 0x1b, 0x00, 0x00, 0x00, 0xa2, 0x00, 0x00, 0x00,
    0x9e, 0x00, 0x00, 0x00, 0xa1, 0x00, 0x00, 0x00, 0x41, 0x00, 0x07, 0x00,
    0x3e, 0x00, 0x00, 0x00, 0xa3, 0x00, 0x00, 0x00, 0x0e, 0x00, 0x00, 0x00,
    0x27, 0x00, 0x00, 0x00, 0x87, 0x00, 0x00, 0x00, 0x11, 0x00, 0x00, 0x00,
    0x3d, 0x00, 0x04, 0x00, 0x12, 0x00, 0x00, 0x00, 0xa4, 0x00, 0x00, 0x00,
    0xa3, 0x00, 0x00, 0x00, 0x41, 0x00, 0x07, 0x00, 0x3e, 0x00, 0x00, 0x00,
    0xa5, 0x00, 0x00, 0x00, 0x0e, 0x00, 0x00, 0x00, 0x27, 0x00, 0x00, 0x00,
    0x87, 0x00, 0x00, 0x00, 0x18, 0x00, 0x00, 0x00, 0x3d, 0x00, 0x04, 0x00,
    0x12, 0x00, 0x00, 0x00, 0xa6, 0x00, 0x00, 0x00, 0xa5, 0x00, 0x00, 0x00,
    0x41, 0x00, 0x07, 0x00, 0x3e, 0x00, 0x00, 0x00, 0xa7, 0x00, 0x00, 0x00,
    0x0e, 0x00, 0x00, 0x00, 0x27, 0x00, 0x00, 0x00, 0x87, 0x00, 0x00, 0x00,
    0x14, 0x00, 0x00, 0x00, 0x3d, 0x00, 0x04, 0x00, 0x12, 0x00, 0x00, 0x00,
    0xa8, 0x00, 0x00, 0x00, 0xa7, 0x00, 0x00, 0x00, 0x85, 0x00, 0x05, 0x00,
    0x12, 0x00, 0x00, 0x00, 0xa9, 0x00, 0x00, 0x00, 0x9f, 0x00, 0x00, 0x00,
    0xa8, 0x00, 0x00, 0x00, 0x81, 0x00, 0x05, 0x00, 0x12, 0x00, 0x00, 0x00,
    0xaa, 0x00, 0x00, 0x00, 0xa6, 0x00, 0x00, 0x00, 0xa9, 0x00, 0x00, 0x00,
    0x85, 0x00, 0x05, 0x00, 0x12, 0x00, 0x00, 0x00, 0xab, 0x00, 0x00, 0x00,
    0x9f, 0x00, 0x00, 0x00, 0xaa, 0x00, 0x00, 0x00, 0x81, 0x00, 0x05, 0x00,
    0x12, 0x00, 0x00, 0x00, 0xac, 0x00, 0x00, 0x00, 0xa4, 0x00, 0x00, 0x00,
    0xab, 0x00, 0x00, 0x00, 0x0c, 0x00, 0x07, 0x00, 0x12, 0x00, 0x00, 0x00,
    0xad, 0x00, 0x00, 0x00, 0x01, 0x00, 0x00, 0x00, 0x50, 0x00, 0x00, 0x00,
    0xac, 0x00, 0x00, 0x00, 0x26, 0x00, 0x00, 0x00, 0x88, 0x00, 0x05, 0x00,
    0x12, 0x00, 0x00, 0x00, 0xae, 0x00, 0x00, 0x00, 0x13, 0x00, 0x00, 0x00,
    0xad, 0x00, 0x00, 0x00, 0x41, 0x00, 0x07, 0x00, 0x3e, 0x00, 0x00, 0x00,
    0xaf, 0x00, 0x00, 0x00, 0x0e, 0x00, 0x00, 0x00, 0x27, 0x00, 0x00, 0x00,
    0x87, 0x00, 0x00, 0x00, 0x17, 0x00, 0x00, 0x00, 0x3d, 0x00, 0x04, 0x00,
    0x12, 0x00, 0x00, 0x00, 0xb0, 0x00, 0x00, 0x00, 0xaf, 0x00, 0x00, 0x00,
    0xba, 0x00, 0x05, 0x00, 0x1d, 0x00, 0x00, 0x00, 0xb1, 0x00, 0x00, 0x00,
    0x9f, 0x00, 0x00, 0x00, 0xb0, 0x00, 0x00, 0x00, 0xa9, 0x00, 0x06, 0x00,
    0x12, 0x00, 0x00, 0x00, 0xb2, 0x00, 0x00, 0x00, 0xb1, 0x00, 0x00, 0x00,
    0x19, 0x00, 0x00, 0x00, 0xae, 0x00, 0x00, 0x00, 0xba, 0x00, 0x05, 0x00,
    0x1d, 0x00, 0x00, 0x00, 0xb3, 0x00, 0x00, 0x00, 0x94, 0x00, 0x00, 0x00,
    0x28, 0x00, 0x00, 0x00, 0xf7, 0x00, 0x03, 0x00, 0xb4, 0x00, 0x00, 0x00,
    0x00, 0x00, 0x00, 0x00, 0xfa, 0x00, 0x04, 0x00, 0xb3, 0x00, 0x00, 0x00,
    0xb5, 0x00, 0x00, 0x00, 0xb4, 0x00, 0x00, 0x00, 0xf8, 0x00, 0x02, 0x00,
    0xb5, 0x00, 0x00, 0x00, 0x7f, 0x00, 0x04, 0x00, 0x1b, 0x00, 0x00, 0x00,
    0xb6, 0x00, 0x00, 0x00, 0xa2, 0x00, 0x00, 0x00, 0x41, 0x00, 0x06, 0x00,
    0x3d, 0x00, 0x00, 0x00, 0xb7, 0x00, 0x00, 0x00, 0x0e, 0x00, 0x00, 0x00,
    0x29, 0x00, 0x00, 0x00, 0x87, 0x00, 0x00, 0x00, 0x3d, 0x00, 0x04, 0x00,
    0x30, 0x00, 0x00, 0x00, 0xb8, 0x00, 0x00, 0x00, 0xb7, 0x00, 0x00, 0x00,
    0x4f, 0x00, 0x08, 0x00, 0x1b, 0x00, 0x00, 0x00, 0xb9, 0x00, 0x00, 0x00,
    0xb8, 0x00, 0x00, 0x00, 0xb8, 0x00, 0x00, 0x00, 0x00, 0x00, 0x00, 0x00,
    0x01, 0x00, 0x00, 0x00, 0x02, 0x00, 0x00, 0x00, 0x0c, 0x00, 0x06, 0x00,
    0x1b, 0x00, 0x00, 0x00, 0xba, 0x00, 0x00, 0x00, 0x01, 0x00, 0x00, 0x00,
    0x45, 0x00, 0x00, 0x00, 0xb9, 0x00, 0x00, 0x00, 0x94, 0x00, 0x05, 0x00,
    0x12, 0x00, 0x00, 0x00, 0xbb, 0x00, 0x00, 0x00, 0xb6, 0x00, 0x00, 0x00,
    0xba, 0x00, 0x00, 0x00, 0x41, 0x00, 0x07, 0x00, 0x3e, 0x00, 0x00, 0x00,
    0xbc, 0x00, 0x00, 0x00, 0x0e, 0x00, 0x00, 0x00, 0x2a, 0x00, 0x00, 0x00,
    0x87, 0x00, 0x00, 0x00, 0x18, 0x00, 0x00, 0x00, 0x3d, 0x00, 0x04, 0x00,
    0x12, 0x00, 0x00, 0x00, 0xbd, 0x00, 0x00, 0x00, 0xbc, 0x00, 0x00, 0x00,
    0x83, 0x00, 0x05, 0x00, 0x12, 0x00, 0x00, 0x00, 0xbe, 0x00, 0x00, 0x00,
    0xbb, 0x00, 0x00, 0x00, 0xbd, 0x00, 0x00, 0x00, 0x41, 0x00, 0x07, 0x00,
    0x3e, 0x00, 0x00, 0x00, 0xbf, 0x00, 0x00, 0x00, 0x0e, 0x00, 0x00, 0x00,
    0x2a, 0x00, 0x00, 0x00, 0x87, 0x00, 0x00, 0x00, 0x11, 0x00, 0x00, 0x00,
    0x3d, 0x00, 0x04, 0x00, 0x12, 0x00, 0x00, 0x00, 0xc0, 0x00, 0x00, 0x00,
    0xbf, 0x00, 0x00, 0x00, 0x83, 0x00, 0x05, 0x00, 0x12, 0x00, 0x00, 0x00,
    0xc1, 0x00, 0x00, 0x00, 0xc0, 0x00, 0x00, 0x00, 0xbd, 0x00, 0x00, 0x00,
    0x88, 0x00, 0x05, 0x00, 0x12, 0x00, 0x00, 0x00, 0xc2, 0x00, 0x00, 0x00,
    0xbe, 0x00, 0x00, 0x00, 0xc1, 0x00, 0x00, 0x00, 0x0c, 0x00, 0x08, 0x00,
    0x12, 0x00, 0x00, 0x00, 0xc3, 0x00, 0x00, 0x00, 0x01, 0x00, 0x00, 0x00,
    0x2b, 0x00, 0x00, 0x00, 0xc2, 0x00, 0x00, 0x00, 0x19, 0x00, 0x00, 0x00,
    0x13, 0x00, 0x00, 0x00, 0x41, 0x00, 0x07, 0x00, 0x3e, 0x00, 0x00, 0x00,
    0xc4, 0x00, 0x00, 0x00, 0x0e, 0x00, 0x00, 0x00, 0x29, 0x00, 0x00, 0x00,
    0x87, 0x00, 0x00, 0x00, 0x17, 0x00, 0x00, 0x00, 0x3d, 0x00, 0x04, 0x00,
    0x12, 0x00, 0x00, 0x00, 0xc5, 0x00, 0x00, 0x00, 0xc4, 0x00, 0x00, 0x00,
    0x0c, 0x00, 0x07, 0x00, 0x12, 0x00, 0x00, 0x00, 0xc6, 0x00, 0x00, 0x00,
    0x01, 0x00, 0x00, 0x00, 0x1a, 0x00, 0x00, 0x00, 0xc3, 0x00, 0x00, 0x00,
    0xc5, 0x00, 0x00, 0x00, 0xbc, 0x00, 0x05, 0x00, 0x1d, 0x00, 0x00, 0x00,
    0xc7, 0x00, 0x00, 0x00, 0xbb, 0x00, 0x00, 0x00, 0xbd, 0x00, 0x00, 0x00,
    0xa9, 0x00, 0x06, 0x00, 0x12, 0x00, 0x00, 0x00, 0xc8, 0x00, 0x00, 0x00,
    0xc7, 0x00, 0x00, 0x00, 0x19, 0x00, 0x00, 0x00, 0xc6, 0x00, 0x00, 0x00,
    0xba, 0x00, 0x05, 0x00, 0x1d, 0x00, 0x00, 0x00, 0xc9, 0x00, 0x00, 0x00,
    0xbb, 0x00, 0x00, 0x00, 0xc0, 0x00, 0x00, 0x00, 0xa9, 0x00, 0x06, 0x00,
    0x12, 0x00, 0x00, 0x00, 0xca, 0x00, 0x00, 0x00, 0xc9, 0x00, 0x00, 0x00,
    0x13, 0x00, 0x00, 0x00, 0xc8, 0x00, 0x00, 0x00, 0x85, 0x00, 0x05, 0x00,
    0x12, 0x00, 0x00, 0x00, 0xcb, 0x00, 0x00, 0x00, 0xb2, 0x00, 0x00, 0x00,
    0xca, 0x00, 0x00, 0x00, 0xf9, 0x00, 0x02, 0x00, 0xb4, 0x00, 0x00, 0x00,
    0xf8, 0x00, 0x02, 0x00, 0xb4, 0x00, 0x00, 0x00, 0xf5, 0x00, 0x07, 0x00,
    0x12, 0x00, 0x00, 0x00, 0xcc, 0x00, 0x00, 0x00, 0xb2, 0x00, 0x00, 0x00,
    0x98, 0x00, 0x00, 0x00, 0xcb, 0x00, 0x00, 0x00, 0xb5, 0x00, 0x00, 0x00,
    0xf9, 0x00, 0x02, 0x00, 0x96, 0x00, 0x00, 0x00, 0xf8, 0x00, 0x02, 0x00,
    0x96, 0x00, 0x00, 0x00, 0xf5, 0x00, 0x07, 0x00, 0x12, 0x00, 0x00, 0x00,
    0xcd, 0x00, 0x00, 0x00, 0x13, 0x00, 0x00, 0x00, 0x97, 0x00, 0x00, 0x00,
    0xcc, 0x00, 0x00, 0x00, 0xb4, 0x00, 0x00, 0x00, 0xf5, 0x00, 0x07, 0x00,
    0x1b, 0x00, 0x00, 0x00, 0xce, 0x00, 0x00, 0x00, 0x9b, 0x00, 0x00, 0x00,
    0x97, 0x00, 0x00, 0x00, 0xa2, 0x00, 0x00, 0x00, 0xb4, 0x00, 0x00, 0x00,
    0x94, 0x00, 0x05, 0x00, 0x12, 0x00, 0x00, 0x00, 0xcf, 0x00, 0x00, 0x00,
    0x65, 0x00, 0x00, 0x00, 0xce, 0x00, 0x00, 0x00, 0x0c, 0x00, 0x08, 0x00,
    0x12, 0x00, 0x00, 0x00, 0xd0, 0x00, 0x00, 0x00, 0x01, 0x00, 0x00, 0x00,
    0x2b, 0x00, 0x00, 0x00, 0xcf, 0x00, 0x00, 0x00, 0x19, 0x00, 0x00, 0x00,
    0x13, 0x00, 0x00, 0x00, 0x41, 0x00, 0x06, 0x00, 0x3d, 0x00, 0x00, 0x00,
    0xd1, 0x00, 0x00, 0x00, 0x0e, 0x00, 0x00, 0x00, 0x2b, 0x00, 0x00, 0x00,
    0x87, 0x00, 0x00, 0x00, 0x3d, 0x00, 0x04, 0x00, 0x30, 0x00, 0x00, 0x00,
    0xd2, 0x00, 0x00, 0x00, 0xd1, 0x00, 0x00, 0x00, 0x4f, 0x00, 0x08, 0x00,
    0x1b, 0x00, 0x00, 0x00, 0xd3, 0x00, 0x00, 0x00, 0xd2, 0x00, 0x00, 0x00,
    0xd2, 0x00, 0x00, 0x00, 0x00, 0x00, 0x00, 0x00, 0x01, 0x00, 0x00, 0x00,
    0x02, 0x00, 0x00, 0x00, 0x85, 0x00, 0x05, 0x00, 0x12, 0x00, 0x00, 0x00,
    0xd4, 0x00, 0x00, 0x00, 0xd0, 0x00, 0x00, 0x00, 0xcd, 0x00, 0x00, 0x00,
    0x8e, 0x00, 0x05, 0x00, 0x1b, 0x00, 0x00, 0x00, 0xd5, 0x00, 0x00, 0x00,
    0xd3, 0x00, 0x00, 0x00, 0xd4, 0x00, 0x00, 0x00, 0x81, 0x00, 0x05, 0x00,
    0x1b, 0x00, 0x00, 0x00, 0x86, 0x00, 0x00, 0x00, 0x85, 0x00, 0x00, 0x00,
    0xd5, 0x00, 0x00, 0x00, 0xf7, 0x00, 0x03, 0x00, 0xd6, 0x00, 0x00, 0x00,
    0x00, 0x00, 0x00, 0x00, 0xfa, 0x00, 0x04, 0x00, 0x80, 0x00, 0x00, 0x00,
    0xd7, 0x00, 0x00, 0x00, 0xd6, 0x00, 0x00, 0x00, 0xf8, 0x00, 0x02, 0x00,
    0xd7, 0x00, 0x00, 0x00, 0xba, 0x00, 0x05, 0x00, 0x1d, 0x00, 0x00, 0x00,
    0xd8, 0x00, 0x00, 0x00, 0xd0, 0x00, 0x00, 0x00, 0x19, 0x00, 0x00, 0x00,
    0xf9, 0x00, 0x02, 0x00, 0xd6, 0x00, 0x00, 0x00, 0xf8, 0x00, 0x02, 0x00,
    0xd6, 0x00, 0x00, 0x00, 0xf5, 0x00, 0x07, 0x00, 0x1d, 0x00, 0x00, 0x00,
    0xd9, 0x00, 0x00, 0x00, 0x1e, 0x00, 0x00, 0x00, 0x96, 0x00, 0x00, 0x00,
    0xd8, 0x00, 0x00, 0x00, 0xd7, 0x00, 0x00, 0x00, 0xf7, 0x00, 0x03, 0x00,
    0xda, 0x00, 0x00, 0x00, 0x00, 0x00, 0x00, 0x00, 0xfa, 0x00, 0x04, 0x00,
    0xd9, 0x00, 0x00, 0x00, 0xdb, 0x00, 0x00, 0x00, 0xda, 0x00, 0x00, 0x00,
    0xf8, 0x00, 0x02, 0x00, 0xdb, 0x00, 0x00, 0x00, 0x81, 0x00, 0x05, 0x00,
    0x1b, 0x00, 0x00, 0x00, 0xdc, 0x00, 0x00, 0x00, 0xce, 0x00, 0x00, 0x00,
    0x6b, 0x00, 0x00, 0x00, 0x0c, 0x00, 0x06, 0x00, 0x1b, 0x00, 0x00, 0x00,
    0xdd, 0x00, 0x00, 0x00, 0x01, 0x00, 0x00, 0x00, 0x45, 0x00, 0x00, 0x00,
    0xdc, 0x00, 0x00, 0x00, 0x94, 0x00, 0x05, 0x00, 0x12, 0x00, 0x00, 0x00,
    0xde, 0x00, 0x00, 0x00, 0x65, 0x00, 0x00, 0x00, 0xdd, 0x00, 0x00, 0x00,
    0x0c, 0x00, 0x08, 0x00, 0x12, 0x00, 0x00, 0x00, 0xdf, 0x00, 0x00, 0x00,
    0x01, 0x00, 0x00, 0x00, 0x2b, 0x00, 0x00, 0x00, 0xde, 0x00, 0x00, 0x00,
    0x19, 0x00, 0x00, 0x00, 0x13, 0x00, 0x00, 0x00, 0x41, 0x00, 0x06, 0x00,
    0x3e, 0x00, 0x00, 0x00, 0xe0, 0x00, 0x00, 0x00, 0x0e, 0x00, 0x00, 0x00,
    0x1f, 0x00, 0x00, 0x00, 0x17, 0x00, 0x00, 0x00, 0x3d, 0x00, 0x04, 0x00,
    0x12, 0x00, 0x00, 0x00, 0xe1, 0x00, 0x00, 0x00, 0xe0, 0x00, 0x00, 0x00,
    0x0c, 0x00, 0x07, 0x00, 0x12, 0x00, 0x00, 0x00, 0xe2, 0x00, 0x00, 0x00,
    0x01, 0x00, 0x00, 0x00, 0x50, 0x00, 0x00, 0x00, 0xe1, 0x00, 0x00, 0x00,
    0x13, 0x00, 0x00, 0x00, 0x0c, 0x00, 0x07, 0x00, 0x12, 0x00, 0x00, 0x00,
    0xe3, 0x00, 0x00, 0x00, 0x01, 0x00, 0x00, 0x00, 0x1a, 0x00, 0x00, 0x00,
    0xdf, 0x00, 0x00, 0x00, 0xe2, 0x00, 0x00, 0x00, 0x85, 0x00, 0x05, 0x00,
    0x12, 0x00, 0x00, 0x00, 0xe4, 0x00, 0x00, 0x00, 0xe3, 0x00, 0x00, 0x00,
    0xcd, 0x00, 0x00, 0x00, 0x81, 0x00, 0x05, 0x00, 0x12, 0x00, 0x00, 0x00,
    0xe5, 0x00, 0x00, 0x00, 0x82, 0x00, 0x00, 0x00, 0xe4, 0x00, 0x00, 0x00,
    0xf9, 0x00, 0x02, 0x00, 0xda, 0x00, 0x00, 0x00, 0xf8, 0x00, 0x02, 0x00,
    0xda, 0x00, 0x00, 0x00, 0xf5, 0x00, 0x07, 0x00, 0x12, 0x00, 0x00, 0x00,
    0x83, 0x00, 0x00, 0x00, 0x82, 0x00, 0x00, 0x00, 0xd6, 0x00, 0x00, 0x00,
    0xe5, 0x00, 0x00, 0x00, 0xdb, 0x00, 0x00, 0x00, 0xf9, 0x00, 0x02, 0x00,
    0x84, 0x00, 0x00, 0x00, 0xf8, 0x00, 0x02, 0x00, 0x84, 0x00, 0x00, 0x00,
    0x80, 0x00, 0x05, 0x00, 0x20, 0x00, 0x00, 0x00, 0x88, 0x00, 0x00, 0x00,
    0x87, 0x00, 0x00, 0x00, 0x2c, 0x00, 0x00, 0x00, 0xf9, 0x00, 0x02, 0x00,
    0x81, 0x00, 0x00, 0x00, 0xf8, 0x00, 0x02, 0x00, 0x8a, 0x00, 0x00, 0x00,
    0xba, 0x00, 0x05, 0x00, 0x1d, 0x00, 0x00, 0x00, 0xe6, 0x00, 0x00, 0x00,
    0x6d, 0x00, 0x00, 0x00, 0x16, 0x00, 0x00, 0x00, 0xf7, 0x00, 0x03, 0x00,
    0xe7, 0x00, 0x00, 0x00, 0x00, 0x00, 0x00, 0x00, 0xfa, 0x00, 0x04, 0x00,
    0xe6, 0x00, 0x00, 0x00, 0xe8, 0x00, 0x00, 0x00, 0xe9, 0x00, 0x00, 0x00,
    0xf8, 0x00, 0x02, 0x00, 0xe8, 0x00, 0x00, 0x00, 0xf9, 0x00, 0x02, 0x00,
    0xe7, 0x00, 0x00, 0x00, 0xf8, 0x00, 0x02, 0x00, 0xe9, 0x00, 0x00, 0x00,
    0x41, 0x00, 0x05, 0x00, 0x3d, 0x00, 0x00, 0x00, 0xea, 0x00, 0x00, 0x00,
    0x0e, 0x00, 0x00, 0x00, 0x14, 0x00, 0x00, 0x00, 0x3d, 0x00, 0x04, 0x00,
    0x30, 0x00, 0x00, 0x00, 0xeb, 0x00, 0x00, 0x00, 0xea, 0x00, 0x00, 0x00,
    0x4f, 0x00, 0x08, 0x00, 0x1b, 0x00, 0x00, 0x00, 0xec, 0x00, 0x00, 0x00,
    0xeb, 0x00, 0x00, 0x00, 0xeb, 0x00, 0x00, 0x00, 0x00, 0x00, 0x00, 0x00,
    0x01, 0x00, 0x00, 0x00, 0x02, 0x00, 0x00, 0x00, 0x81, 0x00, 0x05, 0x00,
    0x1b, 0x00, 0x00, 0x00, 0xed, 0x00, 0x00, 0x00, 0xec, 0x00, 0x00, 0x00,
    0x85, 0x00, 0x00, 0x00, 0xf9, 0x00, 0x02, 0x00, 0xe7, 0x00, 0x00, 0x00,
    0xf8, 0x00, 0x02, 0x00, 0xe7, 0x00, 0x00, 0x00, 0xf5, 0x00, 0x07, 0x00,
    0x1b, 0x00, 0x00, 0x00, 0xee, 0x00, 0x00, 0x00, 0x2d, 0x00, 0x00, 0x00,
    0xe8, 0x00, 0x00, 0x00, 0xed, 0x00, 0x00, 0x00, 0xe9, 0x00, 0x00, 0x00,
    0x85, 0x00, 0x05, 0x00, 0x1b, 0x00, 0x00, 0x00, 0xef, 0x00, 0x00, 0x00,
    0x57, 0x00, 0x00, 0x00, 0xee, 0x00, 0x00, 0x00, 0x41, 0x00, 0x05, 0x00,
    0x3d, 0x00, 0x00, 0x00, 0xf0, 0x00, 0x00, 0x00, 0x0e, 0x00, 0x00, 0x00,
    0x1f, 0x00, 0x00, 0x00, 0x3d, 0x00, 0x04, 0x00, 0x30, 0x00, 0x00, 0x00,
    0xf1, 0x00, 0x00, 0x00, 0xf0, 0x00, 0x00, 0x00, 0x4f, 0x00, 0x08, 0x00,
    0x1b, 0x00, 0x00, 0x00, 0xf2, 0x00, 0x00, 0x00, 0xf1, 0x00, 0x00, 0x00,
    0xf1, 0x00, 0x00, 0x00, 0x00, 0x00, 0x00, 0x00, 0x01, 0x00, 0x00, 0x00,
    0x02, 0x00, 0x00, 0x00, 0x8e, 0x00, 0x05, 0x00, 0x1b, 0x00, 0x00, 0x00,
    0xf3, 0x00, 0x00, 0x00, 0xf2, 0x00, 0x00, 0x00, 0x82, 0x00, 0x00, 0x00,
    0x81, 0x00, 0x05, 0x00, 0x1b, 0x00, 0x00, 0x00, 0xf4, 0x00, 0x00, 0x00,
    0xef, 0x00, 0x00, 0x00, 0xf3, 0x00, 0x00, 0x00, 0x51, 0x00, 0x05, 0x00,
    0x12, 0x00, 0x00, 0x00, 0xf5, 0x00, 0x00, 0x00, 0xf4, 0x00, 0x00, 0x00,
    0x00, 0x00, 0x00, 0x00, 0x51, 0x00, 0x05, 0x00, 0x12, 0x00, 0x00, 0x00,
    0xf6, 0x00, 0x00, 0x00, 0xf4, 0x00, 0x00, 0x00, 0x01, 0x00, 0x00, 0x00,
    0x51, 0x00, 0x05, 0x00, 0x12, 0x00, 0x00, 0x00, 0xf7, 0x00, 0x00, 0x00,
    0xf4, 0x00, 0x00, 0x00, 0x02, 0x00, 0x00, 0x00, 0x50, 0x00, 0x07, 0x00,
    0x30, 0x00, 0x00, 0x00, 0xf8, 0x00, 0x00, 0x00, 0xf5, 0x00, 0x00, 0x00,
    0xf6, 0x00, 0x00, 0x00, 0xf7, 0x00, 0x00, 0x00, 0x5b, 0x00, 0x00, 0x00,
    0x0c, 0x00, 0x07, 0x00, 0x12, 0x00, 0x00, 0x00, 0xf9, 0x00, 0x00, 0x00,
    0x01, 0x00, 0x00, 0x00, 0x43, 0x00, 0x00, 0x00, 0x69, 0x00, 0x00, 0x00,
    0x68, 0x00, 0x00, 0x00, 0x41, 0x00, 0x06, 0x00, 0x3e, 0x00, 0x00, 0x00,
    0xfa, 0x00, 0x00, 0x00, 0x0e, 0x00, 0x00, 0x00, 0x2e, 0x00, 0x00, 0x00,
    0x17, 0x00, 0x00, 0x00, 0x3d, 0x00, 0x04, 0x00, 0x12, 0x00, 0x00, 0x00,
    0xfb, 0x00, 0x00, 0x00, 0xfa, 0x00, 0x00, 0x00, 0xba, 0x00, 0x05, 0x00,
    0x1d, 0x00, 0x00, 0x00, 0xfc, 0x00, 0x00, 0x00, 0xfb, 0x00, 0x00, 0x00,
    0x16, 0x00, 0x00, 0x00, 0xf7, 0x00, 0x03, 0x00, 0xfd, 0x00, 0x00, 0x00,
    0x00, 0x00, 0x00, 0x00, 0xfa, 0x00, 0x04, 0x00, 0xfc, 0x00, 0x00, 0x00,
    0xfe, 0x00, 0x00, 0x00, 0xfd, 0x00, 0x00, 0x00, 0xf8, 0x00, 0x02, 0x00,
    0xfe, 0x00, 0x00, 0x00, 0xb8, 0x00, 0x05, 0x00, 0x1d, 0x00, 0x00, 0x00,
    0xff, 0x00, 0x00, 0x00, 0xfb, 0x00, 0x00, 0x00, 0x28, 0x00, 0x00, 0x00,
    0xf9, 0x00, 0x02, 0x00, 0xfd, 0x00, 0x00, 0x00, 0xf8, 0x00, 0x02, 0x00,
    0xfd, 0x00, 0x00, 0x00, 0xf5, 0x00, 0x07, 0x00, 0x1d, 0x00, 0x00, 0x00,
    0x00, 0x01, 0x00, 0x00, 0x1e, 0x00, 0x00, 0x00, 0xe7, 0x00, 0x00, 0x00,
    0xff, 0x00, 0x00, 0x00, 0xfe, 0x00, 0x00, 0x00, 0xf7, 0x00, 0x03, 0x00,
    0x01, 0x01, 0x00, 0x00, 0x00, 0x00, 0x00, 0x00, 0xfa, 0x00, 0x04, 0x00,
    0x00, 0x01, 0x00, 0x00, 0x02, 0x01, 0x00, 0x00, 0x03, 0x01, 0x00, 0x00,
    0xf8, 0x00, 0x02, 0x00, 0x02, 0x01, 0x00, 0x00, 0x41, 0x00, 0x06, 0x00,
    0x3e, 0x00, 0x00, 0x00, 0x04, 0x01, 0x00, 0x00, 0x0e, 0x00, 0x00, 0x00,
    0x2e, 0x00, 0x00, 0x00, 0x18, 0x00, 0x00, 0x00, 0x3d, 0x00, 0x04, 0x00,
    0x12, 0x00, 0x00, 0x00, 0x05, 0x01, 0x00, 0x00, 0x04, 0x01, 0x00, 0x00,
    0x41, 0x00, 0x06, 0x00, 0x3e, 0x00, 0x00, 0x00, 0x06, 0x01, 0x00, 0x00,
    0x0e, 0x00, 0x00, 0x00, 0x2e, 0x00, 0x00, 0x00, 0x11, 0x00, 0x00, 0x00,
    0x3d, 0x00, 0x04, 0x00, 0x12, 0x00, 0x00, 0x00, 0x07, 0x01, 0x00, 0x00,
    0x06, 0x01, 0x00, 0x00, 0x83, 0x00, 0x05, 0x00, 0x12, 0x00, 0x00, 0x00,
    0x08, 0x01, 0x00, 0x00, 0x05, 0x01, 0x00, 0x00, 0x07, 0x01, 0x00, 0x00,
    0x0c, 0x00, 0x07, 0x00, 0x12, 0x00, 0x00, 0x00, 0x09, 0x01, 0x00, 0x00,
    0x01, 0x00, 0x00, 0x00, 0x50, 0x00, 0x00, 0x00, 0x08, 0x01, 0x00, 0x00,
    0x26, 0x00, 0x00, 0x00, 0x83, 0x00, 0x05, 0x00, 0x12, 0x00, 0x00, 0x00,
    0x0a, 0x01, 0x00, 0x00, 0x05, 0x01, 0x00, 0x00, 0xf9, 0x00, 0x00, 0x00,
    0x88, 0x00, 0x05, 0x00, 0x12, 0x00, 0x00, 0x00, 0x0b, 0x01, 0x00, 0x00,
    0x0a, 0x01, 0x00, 0x00, 0x09, 0x01, 0x00, 0x00, 0x0c, 0x00, 0x08, 0x00,
    0x12, 0x00, 0x00, 0x00, 0x0c, 0x01, 0x00, 0x00, 0x01, 0x00, 0x00, 0x00,
    0x2b, 0x00, 0x00, 0x00, 0x0b, 0x01, 0x00, 0x00, 0x19, 0x00, 0x00, 0x00,
    0x13, 0x00, 0x00, 0x00, 0x83, 0x00, 0x05, 0x00, 0x12, 0x00, 0x00, 0x00,
    0x0d, 0x01, 0x00, 0x00, 0x13, 0x00, 0x00, 0x00, 0x0c, 0x01, 0x00, 0x00,
    0xf9, 0x00, 0x02, 0x00, 0x01, 0x01, 0x00, 0x00, 0xf8, 0x00, 0x02, 0x00,
    0x03, 0x01, 0x00, 0x00, 0xba, 0x00, 0x05, 0x00, 0x1d, 0x00, 0x00, 0x00,
    0x0e, 0x01, 0x00, 0x00, 0xfb, 0x00, 0x00, 0x00, 0x28, 0x00, 0x00, 0x00,
    0xf7, 0x00, 0x03, 0x00, 0x0f, 0x01, 0x00, 0x00, 0x00, 0x00, 0x00, 0x00,
    0xfa, 0x00, 0x04, 0x00, 0x0e, 0x01, 0x00, 0x00, 0x10, 0x01, 0x00, 0x00,
    0x0f, 0x01, 0x00, 0x00, 0xf8, 0x00, 0x02, 0x00, 0x10, 0x01, 0x00, 0x00,
    0xb8, 0x00, 0x05, 0x00, 0x1d, 0x00, 0x00, 0x00, 0x11, 0x01, 0x00, 0x00,
    0xfb, 0x00, 0x00, 0x00, 0x25, 0x00, 0x00, 0x00, 0xf9, 0x00, 0x02, 0x00,
    0x0f, 0x01, 0x00, 0x00, 0xf8, 0x00, 0x02, 0x00, 0x0f, 0x01, 0x00, 0x00,
    0xf5, 0x00, 0x07, 0x00, 0x1d, 0x00, 0x00, 0x00, 0x12, 0x01, 0x00, 0x00,
    0x1e, 0x00, 0x00, 0x00, 0x03, 0x01, 0x00, 0x00, 0x11, 0x01, 0x00, 0x00,
    0x10, 0x01, 0x00, 0x00, 0xf7, 0x00, 0x03, 0x00, 0x13, 0x01, 0x00, 0x00,
    0x00, 0x00, 0x00, 0x00, 0xfa, 0x00, 0x04, 0x00, 0x12, 0x01, 0x00, 0x00,
    0x14, 0x01, 0x00, 0x00, 0x15, 0x01, 0x00, 0x00, 0xf8, 0x00, 0x02, 0x00,
    0x14, 0x01, 0x00, 0x00, 0x41, 0x00, 0x06, 0x00, 0x3e, 0x00, 0x00, 0x00,
    0x16, 0x01, 0x00, 0x00, 0x0e, 0x00, 0x00, 0x00, 0x2e, 0x00, 0x00, 0x00,
    0x14, 0x00, 0x00, 0x00, 0x3d, 0x00, 0x04, 0x00, 0x12, 0x00, 0x00, 0x00,
    0x17, 0x01, 0x00, 0x00, 0x16, 0x01, 0x00, 0x00, 0x7f, 0x00, 0x04, 0x00,
    0x12, 0x00, 0x00, 0x00, 0x18, 0x01, 0x00, 0x00, 0x17, 0x01, 0x00, 0x00,
    0x85, 0x00, 0x05, 0x00, 0x12, 0x00, 0x00, 0x00, 0x19, 0x01, 0x00, 0x00,
    0x18, 0x01, 0x00, 0x00, 0xf9, 0x00, 0x00, 0x00, 0x0c, 0x00, 0x06, 0x00,
    0x12, 0x00, 0x00, 0x00, 0x1a, 0x01, 0x00, 0x00, 0x01, 0x00, 0x00, 0x00,
    0x1b, 0x00, 0x00, 0x00, 0x19, 0x01, 0x00, 0x00, 0x83, 0x00, 0x05, 0x00,
    0x12, 0x00, 0x00, 0x00, 0x1b, 0x01, 0x00, 0x00, 0x13, 0x00, 0x00, 0x00,
    0x1a, 0x01, 0x00, 0x00, 0xf9, 0x00, 0x02, 0x00, 0x13, 0x01, 0x00, 0x00,
    0xf8, 0x00, 0x02, 0x00, 0x15, 0x01, 0x00, 0x00, 0xba, 0x00, 0x05, 0x00,
    0x1d, 0x00, 0x00, 0x00, 0x1c, 0x01, 0x00, 0x00, 0xfb, 0x00, 0x00, 0x00,
    0x25, 0x00, 0x00, 0x00, 0xf7, 0x00, 0x03, 0x00, 0x1d, 0x01, 0x00, 0x00,
    0x00, 0x00, 0x00, 0x00, 0xfa, 0x00, 0x04, 0x00, 0x1c, 0x01, 0x00, 0x00,
    0x1e, 0x01, 0x00, 0x00, 0x1d, 0x01, 0x00, 0x00, 0xf8, 0x00, 0x02, 0x00,
    0x1e, 0x01, 0x00, 0x00, 0x41, 0x00, 0x06, 0x00, 0x3e, 0x00, 0x00, 0x00,
    0x1f, 0x01, 0x00, 0x00, 0x0e, 0x00, 0x00, 0x00, 0x2e, 0x00, 0x00, 0x00,
    0x14, 0x00, 0x00, 0x00, 0x3d, 0x00, 0x04, 0x00, 0x12, 0x00, 0x00, 0x00,
    0x20, 0x01, 0x00, 0x00, 0x1f, 0x01, 0x00, 0x00, 0x85, 0x00, 0x05, 0x00,
    0x12, 0x00, 0x00, 0x00, 0x21, 0x01, 0x00, 0x00, 0x20, 0x01, 0x00, 0x00,
    0xf9, 0x00, 0x00, 0x00, 0x7f, 0x00, 0x04, 0x00, 0x12, 0x00, 0x00, 0x00,
    0x22, 0x01, 0x00, 0x00, 0x21, 0x01, 0x00, 0x00, 0x85, 0x00, 0x05, 0x00,
    0x12, 0x00, 0x00, 0x00, 0x23, 0x01, 0x00, 0x00, 0x22, 0x01, 0x00, 0x00,
    0x21, 0x01, 0x00, 0x00, 0x0c, 0x00, 0x06, 0x00, 0x12, 0x00, 0x00, 0x00,
    0x24, 0x01, 0x00, 0x00, 0x01, 0x00, 0x00, 0x00, 0x1b, 0x00, 0x00, 0x00,
    0x23, 0x01, 0x00, 0x00, 0x83, 0x00, 0x05, 0x00, 0x12, 0x00, 0x00, 0x00,
    0x25, 0x01, 0x00, 0x00, 0x13, 0x00, 0x00, 0x00, 0x24, 0x01, 0x00, 0x00,
    0xf9, 0x00, 0x02, 0x00, 0x1d, 0x01, 0x00, 0x00, 0xf8, 0x00, 0x02, 0x00,
    0x1d, 0x01, 0x00, 0x00, 0xf5, 0x00, 0x07, 0x00, 0x12, 0x00, 0x00, 0x00,
    0x26, 0x01, 0x00, 0x00, 0x19, 0x00, 0x00, 0x00, 0x15, 0x01, 0x00, 0x00,
    0x25, 0x01, 0x00, 0x00, 0x1e, 0x01, 0x00, 0x00, 0xf9, 0x00, 0x02, 0x00,
    0x13, 0x01, 0x00, 0x00, 0xf8, 0x00, 0x02, 0x00, 0x13, 0x01, 0x00, 0x00,
    0xf5, 0x00, 0x07, 0x00, 0x12, 0x00, 0x00, 0x00, 0x27, 0x01, 0x00, 0x00,
    0x1b, 0x01, 0x00, 0x00, 0x14, 0x01, 0x00, 0x00, 0x26, 0x01, 0x00, 0x00,
    0x1d, 0x01, 0x00, 0x00, 0xf9, 0x00, 0x02, 0x00, 0x01, 0x01, 0x00, 0x00,
    0xf8, 0x00, 0x02, 0x00, 0x01, 0x01, 0x00, 0x00, 0xf5, 0x00, 0x07, 0x00,
    0x12, 0x00, 0x00, 0x00, 0x28, 0x01, 0x00, 0x00, 0x0d, 0x01, 0x00, 0x00,
    0x02, 0x01, 0x00, 0x00, 0x27, 0x01, 0x00, 0x00, 0x13, 0x01, 0x00, 0x00,
    0x0c, 0x00, 0x08, 0x00, 0x12, 0x00, 0x00, 0x00, 0x29, 0x01, 0x00, 0x00,
    0x01, 0x00, 0x00, 0x00, 0x2b, 0x00, 0x00, 0x00, 0x28, 0x01, 0x00, 0x00,
    0x19, 0x00, 0x00, 0x00, 0x13, 0x00, 0x00, 0x00, 0x41, 0x00, 0x05, 0x00,
    0x3d, 0x00, 0x00, 0x00, 0x2a, 0x01, 0x00, 0x00, 0x0e, 0x00, 0x00, 0x00,
    0x2f, 0x00, 0x00, 0x00, 0x3d, 0x00, 0x04, 0x00, 0x30, 0x00, 0x00, 0x00,
    0x2b, 0x01, 0x00, 0x00, 0x2a, 0x01, 0x00, 0x00, 0x41, 0x00, 0x06, 0x00,
    0x3e, 0x00, 0x00, 0x00, 0x2c, 0x01, 0x00, 0x00, 0x0e, 0x00, 0x00, 0x00,
    0x15, 0x00, 0x00, 0x00, 0x14, 0x00, 0x00, 0x00, 0x3d, 0x00, 0x04, 0x00,
    0x12, 0x00, 0x00, 0x00, 0x2d, 0x01, 0x00, 0x00, 0x2c, 0x01, 0x00, 0x00,
    0x41, 0x00, 0x06, 0x00, 0x3e, 0x00, 0x00, 0x00, 0x2e, 0x01, 0x00, 0x00,
    0x0e, 0x00, 0x00, 0x00, 0x15, 0x00, 0x00, 0x00, 0x17, 0x00, 0x00, 0x00,
    0x3d, 0x00, 0x04, 0x00, 0x12, 0x00, 0x00, 0x00, 0x2f, 0x01, 0x00, 0x00,
    0x2e, 0x01, 0x00, 0x00, 0x50, 0x00, 0x05, 0x00, 0x35, 0x00, 0x00, 0x00,
    0x30, 0x01, 0x00, 0x00, 0x2d, 0x01, 0x00, 0x00, 0x2f, 0x01, 0x00, 0x00,
    0x3e, 0x00, 0x03, 0x00, 0x07, 0x00, 0x00, 0x00, 0x4c, 0x00, 0x00, 0x00,
    0x3e, 0x00, 0x03, 0x00, 0x08, 0x00, 0x00, 0x00, 0xf8, 0x00, 0x00, 0x00,
    0x3e, 0x00, 0x03, 0x00, 0x09, 0x00, 0x00, 0x00, 0x45, 0x00, 0x00, 0x00,
    0x3e, 0x00, 0x03, 0x00, 0x0a, 0x00, 0x00, 0x00, 0x29, 0x01, 0x00, 0x00,
    0x3e, 0x00, 0x03, 0x00, 0x0b, 0x00, 0x00, 0x00, 0x2b, 0x01, 0x00, 0x00,
    0x3e, 0x00, 0x03, 0x00, 0x0c, 0x00, 0x00, 0x00, 0x30, 0x01, 0x00, 0x00,
    0xfd, 0x00, 0x01, 0x00, 0x38, 0x00, 0x01, 0x00,
};
static const size_t kMeshVS_SPIRV_size = sizeof(kMeshVS_SPIRV);

static const uint8_t kMeshPS_SPIRV[1588] = {
    0x03, 0x02, 0x23, 0x07, 0x00, 0x00, 0x01, 0x00, 0x00, 0x00, 0x0e, 0x00,
    0x37, 0x00, 0x00, 0x00, 0x00, 0x00, 0x00, 0x00, 0x11, 0x00, 0x02, 0x00,
    0x01, 0x00, 0x00, 0x00, 0x0b, 0x00, 0x06, 0x00, 0x01, 0x00, 0x00, 0x00,
    0x47, 0x4c, 0x53, 0x4c, 0x2e, 0x73, 0x74, 0x64, 0x2e, 0x34, 0x35, 0x30,
    0x00, 0x00, 0x00, 0x00, 0x0e, 0x00, 0x03, 0x00, 0x00, 0x00, 0x00, 0x00,
    0x01, 0x00, 0x00, 0x00, 0x0f, 0x00, 0x0b, 0x00, 0x04, 0x00, 0x00, 0x00,
    0x02, 0x00, 0x00, 0x00, 0x50, 0x53, 0x4d, 0x61, 0x69, 0x6e, 0x00, 0x00,
    0x03, 0x00, 0x00, 0x00, 0x04, 0x00, 0x00, 0x00, 0x05, 0x00, 0x00, 0x00,
    0x06, 0x00, 0x00, 0x00, 0x07, 0x00, 0x00, 0x00, 0x08, 0x00, 0x00, 0x00,
    0x10, 0x00, 0x03, 0x00, 0x02, 0x00, 0x00, 0x00, 0x07, 0x00, 0x00, 0x00,
    0x03, 0x00, 0x03, 0x00, 0x05, 0x00, 0x00, 0x00, 0x58, 0x02, 0x00, 0x00,
    0x05, 0x00, 0x06, 0x00, 0x09, 0x00, 0x00, 0x00, 0x74, 0x79, 0x70, 0x65,
    0x2e, 0x32, 0x64, 0x2e, 0x69, 0x6d, 0x61, 0x67, 0x65, 0x00, 0x00, 0x00,
    0x05, 0x00, 0x04, 0x00, 0x0a, 0x00, 0x00, 0x00, 0x4d, 0x65, 0x73, 0x68,
    0x54, 0x65, 0x78, 0x00, 0x05, 0x00, 0x06, 0x00, 0x0b, 0x00, 0x00, 0x00,
    0x74, 0x79, 0x70, 0x65, 0x2e, 0x73, 0x61, 0x6d, 0x70, 0x6c, 0x65, 0x72,
    0x00, 0x00, 0x00, 0x00, 0x05, 0x00, 0x05, 0x00, 0x0c, 0x00, 0x00, 0x00,
    0x4d, 0x65, 0x73, 0x68, 0x53, 0x61, 0x6d, 0x70, 0x00, 0x00, 0x00, 0x00,
    0x05, 0x00, 0x06, 0x00, 0x03, 0x00, 0x00, 0x00, 0x69, 0x6e, 0x2e, 0x76,
    0x61, 0x72, 0x2e, 0x43, 0x4f, 0x4c, 0x4f, 0x52, 0x30, 0x00, 0x00, 0x00,
    0x05, 0x00, 0x07, 0x00, 0x04, 0x00, 0x00, 0x00, 0x69, 0x6e, 0x2e, 0x76,
    0x61, 0x72, 0x2e, 0x54, 0x45, 0x58, 0x43, 0x4f, 0x4f, 0x52, 0x44, 0x30,
    0x00, 0x00, 0x00, 0x00, 0x05, 0x00, 0x07, 0x00, 0x05, 0x00, 0x00, 0x00,
    0x69, 0x6e, 0x2e, 0x76, 0x61, 0x72, 0x2e, 0x54, 0x45, 0x58, 0x43, 0x4f,
    0x4f, 0x52, 0x44, 0x31, 0x00, 0x00, 0x00, 0x00, 0x05, 0x00, 0x07, 0x00,
    0x06, 0x00, 0x00, 0x00, 0x69, 0x6e, 0x2e, 0x76, 0x61, 0x72, 0x2e, 0x54,
    0x45, 0x58, 0x43, 0x4f, 0x4f, 0x52, 0x44, 0x32, 0x00, 0x00, 0x00, 0x00,
    0x05, 0x00, 0x07, 0x00, 0x07, 0x00, 0x00, 0x00, 0x69, 0x6e, 0x2e, 0x76,
    0x61, 0x72, 0x2e, 0x54, 0x45, 0x58, 0x43, 0x4f, 0x4f, 0x52, 0x44, 0x33,
    0x00, 0x00, 0x00, 0x00, 0x05, 0x00, 0x07, 0x00, 0x08, 0x00, 0x00, 0x00,
    0x6f, 0x75, 0x74, 0x2e, 0x76, 0x61, 0x72, 0x2e, 0x53, 0x56, 0x5f, 0x54,
    0x61, 0x72, 0x67, 0x65, 0x74, 0x30, 0x00, 0x00, 0x05, 0x00, 0x04, 0x00,
    0x02, 0x00, 0x00, 0x00, 0x50, 0x53, 0x4d, 0x61, 0x69, 0x6e, 0x00, 0x00,
    0x05, 0x00, 0x07, 0x00, 0x0d, 0x00, 0x00, 0x00, 0x74, 0x79, 0x70, 0x65,
    0x2e, 0x73, 0x61, 0x6d, 0x70, 0x6c, 0x65, 0x64, 0x2e, 0x69, 0x6d, 0x61,
    0x67, 0x65, 0x00, 0x00, 0x47, 0x00, 0x04, 0x00, 0x03, 0x00, 0x00, 0x00,
    0x1e, 0x00, 0x00, 0x00, 0x00, 0x00, 0x00, 0x00, 0x47, 0x00, 0x04, 0x00,
    0x04, 0x00, 0x00, 0x00, 0x1e, 0x00, 0x00, 0x00, 0x01, 0x00, 0x00, 0x00,
    0x47, 0x00, 0x04, 0x00, 0x05, 0x00, 0x00, 0x00, 0x1e, 0x00, 0x00, 0x00,
    0x02, 0x00, 0x00, 0x00, 0x47, 0x00, 0x04, 0x00, 0x06, 0x00, 0x00, 0x00,
    0x1e, 0x00, 0x00, 0x00, 0x03, 0x00, 0x00, 0x00, 0x47, 0x00, 0x04, 0x00,
    0x07, 0x00, 0x00, 0x00, 0x1e, 0x00, 0x00, 0x00, 0x04, 0x00, 0x00, 0x00,
    0x47, 0x00, 0x04, 0x00, 0x08, 0x00, 0x00, 0x00, 0x1e, 0x00, 0x00, 0x00,
    0x00, 0x00, 0x00, 0x00, 0x47, 0x00, 0x04, 0x00, 0x0a, 0x00, 0x00, 0x00,
    0x22, 0x00, 0x00, 0x00, 0x02, 0x00, 0x00, 0x00, 0x47, 0x00, 0x04, 0x00,
    0x0a, 0x00, 0x00, 0x00, 0x21, 0x00, 0x00, 0x00, 0x00, 0x00, 0x00, 0x00,
    0x47, 0x00, 0x04, 0x00, 0x0c, 0x00, 0x00, 0x00, 0x22, 0x00, 0x00, 0x00,
    0x02, 0x00, 0x00, 0x00, 0x47, 0x00, 0x04, 0x00, 0x0c, 0x00, 0x00, 0x00,
    0x21, 0x00, 0x00, 0x00, 0x00, 0x00, 0x00, 0x00, 0x16, 0x00, 0x03, 0x00,
    0x0e, 0x00, 0x00, 0x00, 0x20, 0x00, 0x00, 0x00, 0x2b, 0x00, 0x04, 0x00,
    0x0e, 0x00, 0x00, 0x00, 0x0f, 0x00, 0x00, 0x00, 0x00, 0x00, 0x00, 0x3f,
    0x14, 0x00, 0x02, 0x00, 0x10, 0x00, 0x00, 0x00, 0x2a, 0x00, 0x03, 0x00,
    0x10, 0x00, 0x00, 0x00, 0x11, 0x00, 0x00, 0x00, 0x17, 0x00, 0x04, 0x00,
    0x12, 0x00, 0x00, 0x00, 0x0e, 0x00, 0x00, 0x00, 0x04, 0x00, 0x00, 0x00,
    0x17, 0x00, 0x04, 0x00, 0x13, 0x00, 0x00, 0x00, 0x0e, 0x00, 0x00, 0x00,
    0x03, 0x00, 0x00, 0x00, 0x19, 0x00, 0x09, 0x00, 0x09, 0x00, 0x00, 0x00,
    0x0e, 0x00, 0x00, 0x00, 0x01, 0x00, 0x00, 0x00, 0x02, 0x00, 0x00, 0x00,
    0x00, 0x00, 0x00, 0x00, 0x00, 0x00, 0x00, 0x00, 0x01, 0x00, 0x00, 0x00,
    0x00, 0x00, 0x00, 0x00, 0x20, 0x00, 0x04, 0x00, 0x14, 0x00, 0x00, 0x00,
    0x00, 0x00, 0x00, 0x00, 0x09, 0x00, 0x00, 0x00, 0x1a, 0x00, 0x02, 0x00,
    0x0b, 0x00, 0x00, 0x00, 0x20, 0x00, 0x04, 0x00, 0x15, 0x00, 0x00, 0x00,
    0x00, 0x00, 0x00, 0x00, 0x0b, 0x00, 0x00, 0x00, 0x20, 0x00, 0x04, 0x00,
    0x16, 0x00, 0x00, 0x00, 0x01, 0x00, 0x00, 0x00, 0x12, 0x00, 0x00, 0x00,
    0x17, 0x00, 0x04, 0x00, 0x17, 0x00, 0x00, 0x00, 0x0e, 0x00, 0x00, 0x00,
    0x02, 0x00, 0x00, 0x00, 0x20, 0x00, 0x04, 0x00, 0x18, 0x00, 0x00, 0x00,
    0x01, 0x00, 0x00, 0x00, 0x17, 0x00, 0x00, 0x00, 0x20, 0x00, 0x04, 0x00,
    0x19, 0x00, 0x00, 0x00, 0x01, 0x00, 0x00, 0x00, 0x0e, 0x00, 0x00, 0x00,
    0x20, 0x00, 0x04, 0x00, 0x1a, 0x00, 0x00, 0x00, 0x03, 0x00, 0x00, 0x00,
    0x12, 0x00, 0x00, 0x00, 0x13, 0x00, 0x02, 0x00, 0x1b, 0x00, 0x00, 0x00,
    0x21, 0x00, 0x03, 0x00, 0x1c, 0x00, 0x00, 0x00, 0x1b, 0x00, 0x00, 0x00,
    0x1b, 0x00, 0x03, 0x00, 0x0d, 0x00, 0x00, 0x00, 0x09, 0x00, 0x00, 0x00,
    0x3b, 0x00, 0x04, 0x00, 0x14, 0x00, 0x00, 0x00, 0x0a, 0x00, 0x00, 0x00,
    0x00, 0x00, 0x00, 0x00, 0x3b, 0x00, 0x04, 0x00, 0x15, 0x00, 0x00, 0x00,
    0x0c, 0x00, 0x00, 0x00, 0x00, 0x00, 0x00, 0x00, 0x3b, 0x00, 0x04, 0x00,
    0x16, 0x00, 0x00, 0x00, 0x03, 0x00, 0x00, 0x00, 0x01, 0x00, 0x00, 0x00,
    0x3b, 0x00, 0x04, 0x00, 0x18, 0x00, 0x00, 0x00, 0x04, 0x00, 0x00, 0x00,
    0x01, 0x00, 0x00, 0x00, 0x3b, 0x00, 0x04, 0x00, 0x19, 0x00, 0x00, 0x00,
    0x05, 0x00, 0x00, 0x00, 0x01, 0x00, 0x00, 0x00, 0x3b, 0x00, 0x04, 0x00,
    0x16, 0x00, 0x00, 0x00, 0x06, 0x00, 0x00, 0x00, 0x01, 0x00, 0x00, 0x00,
    0x3b, 0x00, 0x04, 0x00, 0x18, 0x00, 0x00, 0x00, 0x07, 0x00, 0x00, 0x00,
    0x01, 0x00, 0x00, 0x00, 0x3b, 0x00, 0x04, 0x00, 0x1a, 0x00, 0x00, 0x00,
    0x08, 0x00, 0x00, 0x00, 0x03, 0x00, 0x00, 0x00, 0x36, 0x00, 0x05, 0x00,
    0x1b, 0x00, 0x00, 0x00, 0x02, 0x00, 0x00, 0x00, 0x00, 0x00, 0x00, 0x00,
    0x1c, 0x00, 0x00, 0x00, 0xf8, 0x00, 0x02, 0x00, 0x1d, 0x00, 0x00, 0x00,
    0x3d, 0x00, 0x04, 0x00, 0x12, 0x00, 0x00, 0x00, 0x1e, 0x00, 0x00, 0x00,
    0x03, 0x00, 0x00, 0x00, 0x3d, 0x00, 0x04, 0x00, 0x17, 0x00, 0x00, 0x00,
    0x1f, 0x00, 0x00, 0x00, 0x04, 0x00, 0x00, 0x00, 0x3d, 0x00, 0x04, 0x00,
    0x0e, 0x00, 0x00, 0x00, 0x20, 0x00, 0x00, 0x00, 0x05, 0x00, 0x00, 0x00,
    0x3d, 0x00, 0x04, 0x00, 0x12, 0x00, 0x00, 0x00, 0x21, 0x00, 0x00, 0x00,
    0x06, 0x00, 0x00, 0x00, 0x3d, 0x00, 0x04, 0x00, 0x17, 0x00, 0x00, 0x00,
    0x22, 0x00, 0x00, 0x00, 0x07, 0x00, 0x00, 0x00, 0x3d, 0x00, 0x04, 0x00,
    0x09, 0x00, 0x00, 0x00, 0x23, 0x00, 0x00, 0x00, 0x0a, 0x00, 0x00, 0x00,
    0x3d, 0x00, 0x04, 0x00, 0x0b, 0x00, 0x00, 0x00, 0x24, 0x00, 0x00, 0x00,
    0x0c, 0x00, 0x00, 0x00, 0x56, 0x00, 0x05, 0x00, 0x0d, 0x00, 0x00, 0x00,
    0x25, 0x00, 0x00, 0x00, 0x23, 0x00, 0x00, 0x00, 0x24, 0x00, 0x00, 0x00,
    0x57, 0x00, 0x06, 0x00, 0x12, 0x00, 0x00, 0x00, 0x26, 0x00, 0x00, 0x00,
    0x25, 0x00, 0x00, 0x00, 0x1f, 0x00, 0x00, 0x00, 0x00, 0x00, 0x00, 0x00,
    0x85, 0x00, 0x05, 0x00, 0x12, 0x00, 0x00, 0x00, 0x27, 0x00, 0x00, 0x00,
    0x26, 0x00, 0x00, 0x00, 0x1e, 0x00, 0x00, 0x00, 0x51, 0x00, 0x05, 0x00,
    0x0e, 0x00, 0x00, 0x00, 0x28, 0x00, 0x00, 0x00, 0x22, 0x00, 0x00, 0x00,
    0x00, 0x00, 0x00, 0x00, 0xba, 0x00, 0x05, 0x00, 0x10, 0x00, 0x00, 0x00,
    0x29, 0x00, 0x00, 0x00, 0x28, 0x00, 0x00, 0x00, 0x0f, 0x00, 0x00, 0x00,
    0xf7, 0x00, 0x03, 0x00, 0x2a, 0x00, 0x00, 0x00, 0x00, 0x00, 0x00, 0x00,
    0xfa, 0x00, 0x04, 0x00, 0x29, 0x00, 0x00, 0x00, 0x2b, 0x00, 0x00, 0x00,
    0x2a, 0x00, 0x00, 0x00, 0xf8, 0x00, 0x02, 0x00, 0x2b, 0x00, 0x00, 0x00,
    0x51, 0x00, 0x05, 0x00, 0x0e, 0x00, 0x00, 0x00, 0x2c, 0x00, 0x00, 0x00,
    0x27, 0x00, 0x00, 0x00, 0x03, 0x00, 0x00, 0x00, 0x51, 0x00, 0x05, 0x00,
    0x0e, 0x00, 0x00, 0x00, 0x2d, 0x00, 0x00, 0x00, 0x22, 0x00, 0x00, 0x00,
    0x01, 0x00, 0x00, 0x00, 0xb8, 0x00, 0x05, 0x00, 0x10, 0x00, 0x00, 0x00,
    0x2e, 0x00, 0x00, 0x00, 0x2c, 0x00, 0x00, 0x00, 0x2d, 0x00, 0x00, 0x00,
    0xf9, 0x00, 0x02, 0x00, 0x2a, 0x00, 0x00, 0x00, 0xf8, 0x00, 0x02, 0x00,
    0x2a, 0x00, 0x00, 0x00, 0xf5, 0x00, 0x07, 0x00, 0x10, 0x00, 0x00, 0x00,
    0x2f, 0x00, 0x00, 0x00, 0x11, 0x00, 0x00, 0x00, 0x1d, 0x00, 0x00, 0x00,
    0x2e, 0x00, 0x00, 0x00, 0x2b, 0x00, 0x00, 0x00, 0xf7, 0x00, 0x03, 0x00,
    0x30, 0x00, 0x00, 0x00, 0x00, 0x00, 0x00, 0x00, 0xfa, 0x00, 0x04, 0x00,
    0x2f, 0x00, 0x00, 0x00, 0x31, 0x00, 0x00, 0x00, 0x30, 0x00, 0x00, 0x00,
    0xf8, 0x00, 0x02, 0x00, 0x31, 0x00, 0x00, 0x00, 0xfc, 0x00, 0x01, 0x00,
    0xf8, 0x00, 0x02, 0x00, 0x30, 0x00, 0x00, 0x00, 0x4f, 0x00, 0x08, 0x00,
    0x13, 0x00, 0x00, 0x00, 0x32, 0x00, 0x00, 0x00, 0x27, 0x00, 0x00, 0x00,
    0x27, 0x00, 0x00, 0x00, 0x00, 0x00, 0x00, 0x00, 0x01, 0x00, 0x00, 0x00,
    0x02, 0x00, 0x00, 0x00, 0x4f, 0x00, 0x08, 0x00, 0x13, 0x00, 0x00, 0x00,
    0x33, 0x00, 0x00, 0x00, 0x21, 0x00, 0x00, 0x00, 0x21, 0x00, 0x00, 0x00,
    0x00, 0x00, 0x00, 0x00, 0x01, 0x00, 0x00, 0x00, 0x02, 0x00, 0x00, 0x00,
    0x50, 0x00, 0x06, 0x00, 0x13, 0x00, 0x00, 0x00, 0x34, 0x00, 0x00, 0x00,
    0x20, 0x00, 0x00, 0x00, 0x20, 0x00, 0x00, 0x00, 0x20, 0x00, 0x00, 0x00,
    0x0c, 0x00, 0x08, 0x00, 0x13, 0x00, 0x00, 0x00, 0x35, 0x00, 0x00, 0x00,
    0x01, 0x00, 0x00, 0x00, 0x2e, 0x00, 0x00, 0x00, 0x32, 0x00, 0x00, 0x00,
    0x33, 0x00, 0x00, 0x00, 0x34, 0x00, 0x00, 0x00, 0x4f, 0x00, 0x09, 0x00,
    0x12, 0x00, 0x00, 0x00, 0x36, 0x00, 0x00, 0x00, 0x27, 0x00, 0x00, 0x00,
    0x35, 0x00, 0x00, 0x00, 0x04, 0x00, 0x00, 0x00, 0x05, 0x00, 0x00, 0x00,
    0x06, 0x00, 0x00, 0x00, 0x03, 0x00, 0x00, 0x00, 0x3e, 0x00, 0x03, 0x00,
    0x08, 0x00, 0x00, 0x00, 0x36, 0x00, 0x00, 0x00, 0xfd, 0x00, 0x01, 0x00,
    0x38, 0x00, 0x01, 0x00,
};
static const size_t kMeshPS_SPIRV_size = sizeof(kMeshPS_SPIRV);
